Date,Category,Net worth,Assets,Real estate,Consumer durables,Corporate equities and mutual fund shares,DB pension entitlements,DC pension entitlements,Private businesses,Other assets,Liabilities,Home mortgages,Consumer credit,Other liabilities,share
1989:Q3,TopPt1,8.6,7.7,2.1,10.5,14.5,0.3,2.8,20.2,10.1,1.4,0.7,2.6,6.1,2.7973610026522935
1989:Q3,RemainingTop1,13.9,12.4,6.5,8.5,27.9,3.2,7.4,24.2,15.8,2.6,2.8,0.6,8.8,7.352995166733313
1989:Q3,Next9,37.4,34.6,30.1,22.1,39.6,40.6,42.2,34.9,37.3,16,18,7.2,32.5,42.18069531170154
1989:Q3,Next40,36.3,38.1,49.5,40,16.8,51.4,42.1,19.2,31.8,49.9,52.5,46.4,30.1,42.07234123200176
1989:Q3,Bottom50,3.8,7.3,11.8,18.9,1.2,4.6,5.6,1.6,5.1,30.1,26,43.2,22.4,5.596607286911085
1989:Q4,TopPt1,8.7,7.7,2.2,10.4,14.7,0.4,2.6,20,10.1,1.3,0.7,2.3,6.3,2.594696320338899
1989:Q4,RemainingTop1,14,12.5,6.9,8.4,27.7,3.2,7.4,23.9,15.9,2.7,2.9,0.6,10.4,7.422180063010243
1989:Q4,Next9,37.4,34.5,30.1,21.7,39.2,40.3,42.3,35.4,37.2,16.1,18.1,7.4,31.8,42.3341981051212
1989:Q4,Next40,36.3,38.1,49.5,40.3,17.2,51.6,42.1,19,31.8,49.5,52.2,45.8,30.4,42.1165765703989
1989:Q4,Bottom50,3.6,7.2,11.4,19.2,1.2,4.5,5.5,1.6,5.1,30.4,26.1,44,21.2,5.532348941130756
1990:Q1,TopPt1,8.6,7.6,2.4,9.5,14.3,0.4,2.4,20.1,10.2,1.2,0.6,2.1,6.1,2.387720027641628
1990:Q1,RemainingTop1,13.9,12.4,6.9,8.3,27.4,3.3,7.5,24.1,15.7,2.9,3,0.8,11.1,7.505003681465119
1990:Q1,Next9,37.2,34.4,29.8,22,39.3,40,42.6,35.2,37.1,16.5,18.5,7.5,32.2,42.61769610990281
1990:Q1,Next40,36.6,38.2,49.1,40.7,17.8,51.8,42,18.9,31.8,49,51.6,45,30.2,42.020742534073584
1990:Q1,Bottom50,3.8,7.4,11.8,19.5,1.3,4.4,5.5,1.7,5.1,30.4,26.3,44.6,20.5,5.468837646916856
1990:Q2,TopPt1,8.7,7.7,2.5,9.4,14.4,0.5,2.2,20,10.3,1.2,0.6,1.9,6,2.1704038668020096
1990:Q2,RemainingTop1,13.9,12.4,7.2,8.3,27.6,3.4,7.5,24.3,15.5,3,3.1,0.8,12.1,7.5190463451905
1990:Q2,Next9,37.1,34.3,29.8,21.7,39,39.7,43.1,35.1,37.1,16.8,18.9,7.7,31.9,43.08679050302872
1990:Q2,Next40,36.6,38.3,49.1,40.9,17.6,52,41.9,18.9,31.9,48.5,51.1,44.4,30.3,41.86238259792515
1990:Q2,Bottom50,3.6,7.3,11.4,19.7,1.4,4.4,5.4,1.7,5.2,30.5,26.3,45.2,19.6,5.361376687053616
1990:Q3,TopPt1,8.7,7.6,2.7,8.6,13.2,0.5,2,20.2,10.8,1.1,0.6,1.6,6.4,1.9802836228006402
1990:Q3,RemainingTop1,13.6,12.1,7.2,8.2,26.9,3.5,7.7,24.2,15.2,3.1,3.2,0.8,14,7.6608277382875904
1990:Q3,Next9,37,34.2,29.4,22.1,39.5,39.4,43.3,35.3,37,16.9,19,7.9,30.2,43.2814827072646
1990:Q3,Next40,37,38.5,48.7,41.3,18.9,52.1,41.7,18.7,31.7,48.3,50.8,43.8,31.3,41.747532199015666
1990:Q3,Bottom50,3.8,7.6,12,19.9,1.5,4.3,5.3,1.7,5.2,30.7,26.4,45.9,18.1,5.329873732631497
1990:Q4,TopPt1,8.9,7.8,2.8,7.9,14.1,0.6,1.8,20.4,10.9,1,0.5,1.4,6.2,1.8214978463644922
1990:Q4,RemainingTop1,13.8,12.3,7.4,8.2,26.7,3.6,7.7,24,15.4,3.2,3.3,0.9,14.9,7.725365119662264
1990:Q4,Next9,36.8,34.1,29.1,22.3,38.7,39.2,43.4,35.5,36.9,16.9,19,8,30.6,43.36001012636564
1990:Q4,Next40,36.8,38.4,48.6,41.5,19,52.3,41.8,18.4,31.6,48,50.6,43.1,30.9,41.8119954645292
1990:Q4,Bottom50,3.7,7.5,12.2,20.1,1.5,4.3,5.3,1.7,5.1,30.9,26.6,46.5,17.3,5.281131443078415
1991:Q1,TopPt1,8.9,7.8,2.9,7.7,15,0.6,1.7,20.5,10.5,0.9,0.5,1.2,6.3,1.695728588469792
1991:Q1,RemainingTop1,14,12.5,7.5,8.2,26.5,3.7,7.8,23.9,15.9,3.4,3.4,1.2,16,7.807083212871971
1991:Q1,Next9,36.7,34,29.1,22.1,37.9,38.9,43.2,35.6,36.8,17,18.9,8.2,30.2,43.22518234529581
1991:Q1,Next40,36.6,38.1,48.3,41.7,19.1,52.5,42,18.3,31.8,47.7,50.5,42.3,31.1,42.007625310196836
1991:Q1,Bottom50,3.8,7.5,12.2,20.3,1.4,4.2,5.3,1.7,5.1,30.9,26.7,47.1,16.4,5.26438054316558
1991:Q2,TopPt1,8.9,7.8,3.1,7.3,15,0.7,1.5,20.2,10.5,0.9,0.5,1.1,6.2,1.5385458777054128
1991:Q2,RemainingTop1,13.9,12.5,7.5,8.1,26.3,3.8,7.9,23.9,15.6,3.6,3.4,1.3,17,7.887009948261069
1991:Q2,Next9,36.6,34,29,22.1,37.8,38.7,43.4,35.8,36.8,17.3,19.2,8.4,30,43.36725836822603
1991:Q2,Next40,36.8,38.2,47.9,42,19.4,52.7,42,18.3,32,47.3,50.1,41.6,31.4,41.9866121673288
1991:Q2,Bottom50,3.8,7.6,12.5,20.5,1.5,4.2,5.2,1.8,5.1,31,26.8,47.7,15.4,5.2205736384786805
1991:Q3,TopPt1,8.9,7.7,3.2,6.4,15.4,0.7,1.4,20.2,10.4,0.8,0.5,0.9,5.6,1.4113709272461517
1991:Q3,RemainingTop1,14,12.6,7.6,8.2,26.4,3.9,8,24.4,15.5,3.6,3.5,1.2,16.4,7.953923948608218
1991:Q3,Next9,36.3,33.8,28.6,22.6,37.4,38.4,43.4,35.2,36.8,17.8,19.8,8.6,32.1,43.353899001141826
1991:Q3,Next40,36.8,38.2,47.7,42.2,19.3,52.8,42.1,18.5,32.1,46.9,49.8,41.2,30.1,42.08829484067205
1991:Q3,Bottom50,4,7.7,13,20.6,1.5,4.1,5.2,1.8,5.2,30.8,26.5,48.2,15.7,5.192511282331756
1991:Q4,TopPt1,9,7.9,3.4,5.9,16.4,0.8,1.3,20.1,10.2,0.7,0.4,0.7,5.1,1.2986436999760658
1991:Q4,RemainingTop1,14.3,12.8,7.6,8.2,26.5,4,8,24.8,15.7,3.6,3.6,1.1,16,8.002835406488554
1991:Q4,Next9,36.1,33.7,28.6,22.7,36.7,38.2,43.3,34.7,36.8,18.3,20.2,8.7,34,43.31083411266229
1991:Q4,Next40,36.5,37.9,47.1,42.4,18.9,53,42.2,18.7,32.2,46.4,49.4,40.7,28.9,42.22155780658215
1991:Q4,Bottom50,4,7.7,13.4,20.8,1.5,4.1,5.2,1.7,5.1,30.9,26.4,48.8,16,5.166128974290938
1992:Q1,TopPt1,9,7.9,3.5,5.8,16.3,0.8,1.1,20.3,10.3,0.7,0.4,0.5,5.3,1.1474479359117453
1992:Q1,RemainingTop1,14.2,12.8,7.8,8.1,26.2,4,8.1,24.8,15.5,3.8,3.6,1.2,17.4,8.112664896595598
1992:Q1,Next9,35.9,33.6,28.5,22.5,36.6,38,43.4,34.6,36.6,19,21,8.9,33,43.4495053578299
1992:Q1,Next40,36.9,38.1,47,42.7,19.4,53.1,42.2,18.6,32.4,46,48.9,40.1,29.3,42.15509327157132
1992:Q1,Bottom50,4.1,7.7,13.2,20.9,1.5,4,5.1,1.7,5.2,30.5,26.1,49.3,15,5.135288538091447
1992:Q2,TopPt1,8.9,7.8,3.6,5.5,16.4,0.8,1,20.3,10.2,0.6,0.4,0.3,5,1.011759720309355
1992:Q2,RemainingTop1,14.1,12.7,8.1,8,26.1,3.7,8.2,24.8,15.4,3.8,3.7,1.2,17.4,8.176743478137604
1992:Q2,Next9,35.8,33.5,28.3,22.4,36.4,38.3,43.6,34.7,36.5,19.6,21.6,9.2,34,43.59169105106324
1992:Q2,Next40,37.2,38.3,47,43,19.5,53.2,42.1,18.5,32.7,45.6,48.5,39.6,28.5,42.1264636233547
1992:Q2,Bottom50,4.1,7.7,13,21.1,1.6,4,5.1,1.8,5.3,30.3,25.8,49.8,15,5.093342127135095
1992:Q3,TopPt1,8.9,7.8,3.7,4.4,16.6,0.8,0.9,20.5,10.1,0.6,0.4,0.1,5,0.9028436326790423
1992:Q3,RemainingTop1,14,12.6,8,8,26.1,3.4,8.2,24.9,15.2,3.9,3.7,1.2,18.3,8.22727987863934
1992:Q3,Next9,35.7,33.5,28,23.1,36.1,38.6,43.6,34.4,36.5,19.8,21.8,9.3,33.9,43.60763613741699
1992:Q3,Next40,37.1,38.3,46.5,43.2,19.6,53.3,42.2,18.4,32.8,45.3,48.2,39,28.6,42.19642875185296
1992:Q3,Bottom50,4.3,7.9,13.8,21.2,1.6,4,5.1,1.7,5.3,30.4,25.8,50.4,14.2,5.065811599411672
1992:Q4,TopPt1,9.1,7.9,3.6,4.7,17.2,0.7,0.9,20.3,10.4,0.6,0.4,0.1,5.2,0.9109158370763947
1992:Q4,RemainingTop1,14.4,12.9,7.9,8,26.9,3.2,8.3,25.9,15.5,3.9,3.8,1.1,18.1,8.332394961429438
1992:Q4,Next9,35.5,33.3,27.7,22.9,35.6,39.1,43.3,33.3,36.1,19.4,21.6,9.1,31.7,43.288069053050684
1992:Q4,Next40,36.9,38,46.7,43,18.8,53.1,42.1,18.8,32.7,45,47.8,38.8,28.9,42.122194094234786
1992:Q4,Bottom50,4.2,7.9,14,21.5,1.5,3.9,5.3,1.7,5.3,31.1,26.4,50.9,16,5.346426054208702
1993:Q1,TopPt1,9.4,8.2,3.6,6,17.3,0.6,0.9,20.8,10.9,0.6,0.4,0.1,5,0.9462959009535225
1993:Q1,RemainingTop1,14.6,13.2,8.2,7.7,27.4,3,8.4,26.3,15.8,4,3.8,1.4,16.9,8.437567542839563
1993:Q1,Next9,35.2,33.1,27.9,21.6,35.3,39.5,42.8,32.7,35.4,19.3,21.4,9,31.1,42.798192934836656
1993:Q1,Next40,36.9,37.9,47.1,42.8,18.4,53,42.2,18.5,32.6,44.6,47.5,38.3,28.3,42.1934731903823
1993:Q1,Bottom50,3.9,7.7,13.2,21.9,1.5,3.8,5.6,1.7,5.4,31.5,26.8,51.2,18.6,5.624470430987959
1993:Q2,TopPt1,9.4,8.2,3.5,6,17.4,0.6,0.9,20.9,11.3,0.6,0.4,0.1,5.2,0.9495821993398931
1993:Q2,RemainingTop1,14.7,13.3,8.1,7.7,27.8,2.9,8.6,26.9,16,4,3.9,1.5,16.9,8.560713556487736
1993:Q2,Next9,35,32.8,27.7,21.5,35.1,39.9,42.5,32,34.8,18.9,21.1,8.8,29,42.48792345447355
1993:Q2,Next40,36.9,37.9,47.2,42.6,18.2,52.9,42.1,18.5,32.5,44.3,47.1,37.9,28.6,42.13053782950425
1993:Q2,Bottom50,4,7.8,13.6,22.2,1.5,3.8,5.9,1.7,5.4,32.2,27.5,51.7,20.3,5.871242960194569
1993:Q3,TopPt1,9.5,8.3,3.3,5.9,17.5,0.5,1,21.1,11.6,0.6,0.4,0.1,5,0.955903538991544
1993:Q3,RemainingTop1,14.9,13.4,7.9,7.7,28.3,2.7,8.7,27.3,16.2,4,3.9,1.5,15.5,8.65148762918885
1993:Q3,Next9,34.9,32.6,27.3,21.6,34.8,40.2,42.2,31.5,34.3,18.5,20.6,8.6,29,42.23770748512371
1993:Q3,Next40,36.7,37.7,47.2,42.4,17.8,52.8,42.1,18.4,32.4,43.9,46.8,37.7,28,42.0692139054181
1993:Q3,Bottom50,4,8,14.2,22.5,1.5,3.7,6.1,1.7,5.5,32.9,28.2,52.1,22.6,6.085687441277795
1993:Q4,TopPt1,9.8,8.5,3.3,6.2,17.7,0.4,1,21.4,12.1,0.6,0.5,0.1,4.8,0.9577273448815177
1993:Q4,RemainingTop1,15.2,13.6,7.9,7.6,28.7,2.6,8.8,27.8,16.6,4,4,1.3,14.6,8.783699807913095
1993:Q4,Next9,34.6,32.4,27.2,21.2,34.6,40.6,41.9,31,33.6,18.2,20.3,8.4,28.5,41.9288429378837
1993:Q4,Next40,36.6,37.5,47.4,42.3,17.5,52.7,42,18.2,32.1,43.6,46.5,37.7,27.5,42.0168878968022
1993:Q4,Bottom50,3.9,8,14.3,22.8,1.5,3.7,6.3,1.7,5.4,33.7,28.8,52.4,24.5,6.312842012519488
1994:Q1,TopPt1,10.1,8.8,3.2,7,17.6,0.4,1,22,13.4,0.6,0.5,0.1,5,0.9502873131915132
1994:Q1,RemainingTop1,15.1,13.6,8,7.4,29,2.5,8.9,28.1,16.5,4.1,4,1.5,14.5,8.92861283067863
1994:Q1,Next9,34.5,32.2,27.2,20.4,34.4,40.9,41.7,30.5,33,17.7,19.9,8.3,26.6,41.65418937899105
1994:Q1,Next40,36.6,37.5,47.6,42.2,17.5,52.6,41.9,17.8,31.6,43.3,46.2,37.2,27.8,41.93088619859449
1994:Q1,Bottom50,3.7,8,14,23.1,1.5,3.6,6.5,1.6,5.4,34.3,29.4,52.8,26.1,6.536024278544312
1994:Q2,TopPt1,10.4,9,3.1,7.3,17.6,0.3,1,22.4,14.6,0.6,0.5,0.1,5.1,0.9668043115572058
1994:Q2,RemainingTop1,15.1,13.5,8,7.3,29.6,2.3,9.1,28.4,16.2,4,4.1,1.4,14.2,9.06679635555093
1994:Q2,Next9,34.3,31.9,27,20.1,34.1,41.2,41.2,30,32.4,17.4,19.7,8.1,24.9,41.248662284283064
1994:Q2,Next40,36.6,37.5,47.8,42,17.1,52.5,42,17.5,31.4,43,45.9,37.2,27.9,41.95770395640827
1994:Q2,Bottom50,3.7,8.1,14,23.3,1.6,3.6,6.8,1.7,5.5,34.9,29.9,53.1,27.8,6.760033092200541
1994:Q3,TopPt1,10.6,9.1,3,7.2,17.7,0.3,1,22.7,15.3,0.7,0.5,0.1,5.3,0.9911222465205868
1994:Q3,RemainingTop1,15.1,13.6,7.9,7.2,30.1,2.2,9.2,28.5,16.2,4,4.1,1.3,14.2,9.152167301481557
1994:Q3,Next9,34.1,31.7,26.6,20.2,33.9,41.6,40.9,29.9,31.9,17.1,19.4,8,22.8,40.92102709669945
1994:Q3,Next40,36.5,37.4,48,41.9,16.6,52.4,42,17.2,31.1,42.8,45.5,37.2,28.3,41.99383046821822
1994:Q3,Bottom50,3.7,8.2,14.5,23.5,1.6,3.6,6.9,1.7,5.5,35.5,30.5,53.4,29.4,6.94185288708019
1994:Q4,TopPt1,11,9.5,2.9,7.3,17.8,0.2,1,23.1,16.7,0.6,0.5,0.1,5.1,0.9777337420255707
1994:Q4,RemainingTop1,15.2,13.6,8,7.2,30.7,2.1,9.3,28.7,16,3.9,4.1,1,13.1,9.33001664761498
1994:Q4,Next9,33.9,31.4,26.3,20,33.6,41.9,40.6,29.6,31.2,16.8,19.3,7.8,23.1,40.62292305977678
1994:Q4,Next40,36.4,37.3,48.4,41.7,16.2,52.3,41.9,16.9,30.6,42.4,45.2,37.4,27.7,41.898598344341295
1994:Q4,Bottom50,3.5,8.2,14.5,23.7,1.6,3.5,7.2,1.7,5.5,36.2,30.9,53.7,31,7.170728206241368
1995:Q1,TopPt1,11.1,9.6,2.8,7.6,18.1,0.2,1,23.5,17,0.7,0.5,0.1,5.4,1.0159553620579727
1995:Q1,RemainingTop1,15.4,13.8,7.9,7.1,31.3,1.9,9.4,28.9,16.2,4,4.2,1.1,13.3,9.369713509185862
1995:Q1,Next9,33.7,31.3,26.1,19.8,33.4,42.2,40.3,29.2,30.6,16.4,19,7.7,20.4,40.32667791473724
1995:Q1,Next40,36.2,37,48.5,41.5,15.6,52.2,42,16.6,30.6,42.2,44.9,37.1,28.4,41.97681676625043
1995:Q1,Bottom50,3.6,8.3,14.7,24,1.6,3.5,7.3,1.8,5.6,36.7,31.4,54,32.5,7.310836447768494
1995:Q2,TopPt1,11.2,9.7,2.8,7.3,18.4,0.2,1,23.7,17,0.7,0.5,0.1,5.6,1.0443191181021172
1995:Q2,RemainingTop1,15.6,13.9,7.4,7.2,31.5,2.1,9.4,29.3,16.6,4,4.2,1.1,13,9.357968498929743
1995:Q2,Next9,33.6,31.1,25.9,20.1,33.2,42.1,40.2,28.7,30.3,16,18.5,7.5,18.8,40.21219789016434
1995:Q2,Next40,35.8,36.7,48,41.3,15.2,52.3,42,16.5,30.5,42,44.7,37,28.7,41.98612367895602
1995:Q2,Bottom50,3.8,8.6,15.9,24.1,1.6,3.4,7.4,1.8,5.6,37.3,32,54.3,33.9,7.399390813847774
1995:Q3,TopPt1,11.4,9.9,2.7,7.2,18.8,0.1,1.1,24,17.4,0.7,0.5,0.1,5.3,1.0892413819626687
1995:Q3,RemainingTop1,15.8,14.1,7.1,7.2,31.6,2.2,9.4,29.6,17,3.9,4.3,1,11.9,9.361605873250255
1995:Q3,Next9,33.4,30.9,25.8,20.2,33,41.9,40,28.2,29.8,15.8,18.3,7.4,19.4,39.968251333656525
1995:Q3,Next40,35.5,36.4,47.7,41.1,15,52.3,42.1,16.4,30.3,41.7,44.4,37.1,28.2,42.082366383860304
1995:Q3,Bottom50,3.8,8.7,16.8,24.2,1.6,3.4,7.5,1.8,5.6,37.9,32.5,54.5,35.2,7.498535027270252
1995:Q4,TopPt1,11.5,10,2.8,7.1,19,0.2,1.2,24,17.3,0.7,0.5,0.1,6.3,1.1866911773657491
1995:Q4,RemainingTop1,15.9,14.2,7.1,7.1,30.9,2.3,9.5,29.5,17.2,3.9,4.3,0.8,12.9,9.484812700113219
1995:Q4,Next9,33.5,31,25.9,20.4,33.2,42,39.4,28.1,29.6,15.7,18.3,7.6,18.6,39.434679392751484
1995:Q4,Next40,35.3,36.3,47.6,41.3,15.2,52.1,42.5,16.6,30.4,42.1,44.9,37.2,29.1,42.46249741298499
1995:Q4,Bottom50,3.7,8.6,16.6,24.1,1.6,3.4,7.4,1.8,5.6,37.6,32.1,54.3,33.1,7.431319316784553
1996:Q1,TopPt1,11.4,9.9,2.8,7.1,19.1,0.2,1.3,23.8,16.8,0.8,0.5,0.1,6.4,1.2816616317463507
1996:Q1,RemainingTop1,16,14.3,7.2,7,30.2,2.4,9.6,29.6,17.5,3.9,4.3,1,12,9.598886508308206
1996:Q1,Next9,33.5,31,26.2,20.4,33.4,42.1,38.9,27.9,29.7,16,18.3,7.9,23.1,38.92452974658481
1996:Q1,Next40,35.3,36.3,47.5,41.5,15.6,52,42.8,17,30.5,42.2,45.3,36.8,27.3,42.83152143532574
1996:Q1,Bottom50,3.7,8.5,16.4,24,1.6,3.4,7.4,1.8,5.5,37.1,31.7,54.2,31.3,7.363400678034893
1996:Q2,TopPt1,11.5,9.9,2.8,6.9,19.3,0.2,1.4,23.6,16.9,0.8,0.6,0.1,7.2,1.364505411555549
1996:Q2,RemainingTop1,15.9,14.2,7.3,7,29.6,2.4,9.7,29.4,17.3,3.9,4.2,1,12.5,9.738366487107953
1996:Q2,Next9,33.6,31.1,26,20.7,33.6,42.2,38.4,28.1,29.7,16.2,18.5,8.1,23.2,38.436599489791234
1996:Q2,Next40,35.4,36.4,47.7,41.7,15.9,51.8,43.1,17.2,30.6,42.4,45.6,36.8,27.8,43.14813318322152
1996:Q2,Bottom50,3.7,8.4,16.2,23.8,1.6,3.4,7.3,1.8,5.5,36.6,31.1,54,29.3,7.312395428323749
1996:Q3,TopPt1,11.4,9.9,2.8,6.7,19.3,0.2,1.5,23.4,16.8,0.9,0.6,0.1,8,1.4562948488913727
1996:Q3,RemainingTop1,15.8,14.1,7.4,6.9,29,2.5,9.9,29.6,17.1,3.9,4.2,0.9,13.1,9.86598549289275
1996:Q3,Next9,33.6,31.1,26,20.9,33.7,42.3,37.9,27.6,29.9,16.4,18.7,8.3,23.3,37.91008130931177
1996:Q3,Next40,35.6,36.6,47.8,41.9,16.3,51.6,43.5,17.6,30.7,42.6,45.9,36.8,28.1,43.50671368052289
1996:Q3,Bottom50,3.7,8.3,16,23.6,1.7,3.4,7.3,1.8,5.5,36.1,30.6,53.8,27.4,7.260924668381216
1996:Q4,TopPt1,11.6,10.1,2.8,6.9,19.5,0.2,1.6,24,16.8,0.9,0.6,0.1,8.5,1.6361048946368237
1996:Q4,RemainingTop1,15.8,14.1,7.6,6.8,28.6,2.6,9.9,28.3,17.1,3.9,4.2,0.8,13.3,9.946423530575837
1996:Q4,Next9,33.8,31.3,26.3,20.7,33.8,42.4,36.8,29,30,16.6,18.8,8.5,25.1,36.84682501111066
1996:Q4,Next40,35.4,36.5,47.8,42,16.4,51.4,44.3,16.9,30.7,42.8,46.2,36.8,27.3,44.32666056082552
1996:Q4,Bottom50,3.5,8.1,15.5,23.5,1.7,3.4,7.2,1.8,5.4,35.8,30.1,53.7,25.9,7.243986002851148
1997:Q1,TopPt1,11.5,10,2.8,7,19.5,0.3,1.7,24,16.2,1,0.6,0.2,9.1,1.7038657577294756
1997:Q1,RemainingTop1,15.5,13.8,7.7,6.7,28.1,2.7,10.1,26.9,16.9,4,4.2,1,13.2,10.095655982959695
1997:Q1,Next9,34.1,31.6,26.5,20.7,33.9,42.4,36.4,30.8,30.5,16.9,19,8.7,25.9,36.43259597225387
1997:Q1,Next40,35.4,36.5,47.7,42.2,16.7,51.3,44.6,16.4,31,43,46.6,36.5,27.6,44.568031624618776
1997:Q1,Bottom50,3.6,8.1,15.3,23.4,1.7,3.4,7.2,1.9,5.5,35.2,29.6,53.6,24.2,7.199850662438183
1997:Q2,TopPt1,11.5,10,2.8,6.7,20.1,0.3,1.8,23.7,15.6,1,0.6,0.2,9.4,1.8222673592403964
1997:Q2,RemainingTop1,15.8,14.1,7.7,6.8,28,2.7,9.9,27.2,17,4,4.2,1,12.9,9.921437810095382
1997:Q2,Next9,34.1,31.7,26.5,21.1,34,42.5,36.2,30.2,30.5,17.2,19.2,8.9,27.4,36.22007925676601
1997:Q2,Next40,35.1,36.2,47.7,42.2,16.3,51.1,45,16.9,31.4,43.1,46.8,36.4,27.5,45.02689135891001
1997:Q2,Bottom50,3.6,7.9,15.3,23.2,1.7,3.4,7,1.9,5.5,34.7,29.2,53.5,22.8,7.009324214988201
1997:Q3,TopPt1,11.5,10.1,2.9,6.4,20.3,0.3,1.9,23.6,15.2,1.1,0.6,0.2,9.4,1.9236819884307192
1997:Q3,RemainingTop1,15.8,14.2,7.6,6.8,27.8,2.8,9.8,26.7,17.1,3.9,4.2,1,12.6,9.834624453857769
1997:Q3,Next9,34.2,31.9,26.6,21.5,34,42.6,35.9,30.8,30.6,17.6,19.4,9.1,30.6,35.93747262719377
1997:Q3,Next40,34.8,36,47.4,42.3,16.2,50.9,45.4,16.9,31.6,43.1,47,36.3,25.6,45.42890778561443
1997:Q3,Bottom50,3.6,7.9,15.6,23.1,1.7,3.4,6.9,2,5.5,34.4,28.8,53.4,21.8,6.875313144903315
1997:Q4,TopPt1,11.7,10.2,2.9,6.7,20.4,0.3,2,23.9,15.1,1.1,0.6,0.2,10.1,1.9928990667064588
1997:Q4,RemainingTop1,15.7,14,7.7,6.6,27.4,2.9,10,25.2,17,3.9,4.1,0.9,12.7,10.016512332056902
1997:Q4,Next9,34.5,32.2,27,21.1,34.1,42.7,35.4,32.7,30.8,17.9,19.8,9.3,30.5,35.41425847229053
1997:Q4,Next40,34.6,35.8,47.3,42.5,16.4,50.8,45.7,16.2,31.6,43.3,47.3,36.4,26.4,45.709946210570415
1997:Q4,Bottom50,3.5,7.7,15.1,23,1.7,3.4,6.9,2,5.4,33.9,28.2,53.3,20.3,6.866383918375697
1998:Q1,TopPt1,11.7,10.3,2.9,6.5,20.8,0.3,2.1,23.5,14.6,1.2,0.7,0.2,10.4,2.089770393233836
1998:Q1,RemainingTop1,16,14.4,7.7,6.7,27.4,2.9,9.9,25.2,17.4,3.9,4.1,1,12.5,9.853021651067415
1998:Q1,Next9,34.5,32.3,27.1,21.4,34.1,42.8,35.2,32.7,30.8,18.3,20.1,9.5,31.6,35.22871297237807
1998:Q1,Next40,34.3,35.5,47.2,42.5,16,50.6,46.1,16.5,31.8,43.3,47.4,36.1,26.3,46.113671888462264
1998:Q1,Bottom50,3.6,7.6,15.1,22.9,1.6,3.3,6.7,2.1,5.4,33.3,27.7,53.2,19.2,6.7148230948584144
1998:Q2,TopPt1,11.7,10.3,2.9,6.3,20.8,0.4,2.1,23,14.8,1.2,0.7,0.2,10.6,2.138086419340389
1998:Q2,RemainingTop1,16,14.3,8,6.6,27.1,3.1,9.9,24.7,17.4,3.9,4.1,1,12.5,9.948637916252393
1998:Q2,Next9,34.5,32.4,27,21.5,34.2,42.9,35,33.4,30.7,18.5,20.2,9.6,33,34.962574414213414
1998:Q2,Next40,34.3,35.6,47.5,42.7,16.2,50.3,46.3,16.7,31.8,43.4,47.6,36.1,25.7,46.29722132814268
1998:Q2,Bottom50,3.4,7.4,14.6,22.8,1.7,3.3,6.7,2.2,5.3,33,27.4,53.1,18.1,6.653479922051122
1998:Q3,TopPt1,11.5,10.1,2.9,5.5,20.4,0.4,2.2,22.6,15.7,1.3,0.7,0.2,11.5,2.1628593701692975
1998:Q3,RemainingTop1,15.5,13.9,7.9,6.5,26.4,3.3,10.4,24.9,16.9,3.9,4.1,1,13.1,10.405428759294121
1998:Q3,Next9,34.5,32.3,26.8,22.3,34.4,43,34.3,33.2,30.9,18.6,20.4,9.7,32.7,34.30425444377748
1998:Q3,Next40,34.8,36.1,47.4,43.1,17.1,50,46.4,17,31.2,43.6,47.8,36.1,26.2,46.403716251339176
1998:Q3,Bottom50,3.6,7.7,15.1,22.6,1.8,3.3,6.7,2.3,5.2,32.7,27,53,16.5,6.72374117541992
1998:Q4,TopPt1,11.4,10,2.9,5.8,20.4,0.4,2.1,22.5,14.2,1.2,0.6,0.2,10.9,2.0974220829899455
1998:Q4,RemainingTop1,16.1,14.4,8.2,7.1,26.7,3.3,9.9,24.9,17.6,3.9,4.1,0.9,13.5,9.853376401241322
1998:Q4,Next9,34.8,32.6,27.1,21.6,34.6,43.1,35.2,33.4,31.2,18.4,20.3,9.6,32.2,35.18195928244554
1998:Q4,Next40,34.4,35.6,47.3,42.8,16.7,50,46.3,17.1,31.7,43.7,47.9,36.4,26.9,46.30762655646718
1998:Q4,Bottom50,3.4,7.4,14.5,22.7,1.7,3.2,6.6,2.2,5.2,32.7,27,52.9,16.5,6.559615676856015
1999:Q1,TopPt1,11.1,9.7,3,5.4,19.8,0.4,2,22.1,14.1,1.1,0.6,0.2,10.1,2.0045377499977817
1999:Q1,RemainingTop1,16.1,14.5,8.1,7.7,26.6,3.4,9.7,25.7,17.8,4.1,4.2,1.1,14.3,9.708832638669085
1999:Q1,Next9,34.7,32.5,27.1,21.6,34.9,43.1,35.7,32.4,30.9,18.3,20.1,9.4,32.5,35.67671341476041
1999:Q1,Next40,34.6,35.8,47.1,42.6,17,50,46.1,17.7,31.9,43.9,48,36.4,26.5,46.08028918542359
1999:Q1,Bottom50,3.5,7.5,14.7,22.7,1.7,3.2,6.5,2.1,5.3,32.6,27,52.9,16.6,6.529627011149139
1999:Q2,TopPt1,11,9.7,3,5.4,19.6,0.4,1.9,21.8,13.6,1,0.6,0.2,8.7,1.922863714167088
1999:Q2,RemainingTop1,16.4,14.7,8.3,8.2,26.7,3.4,9.5,26.5,17.7,4.1,4.3,1.1,13.7,9.500932767224517
1999:Q2,Next9,34.8,32.6,27.3,21.1,35.1,43.1,36.2,31.5,30.9,18.3,19.9,9.3,34.4,36.23005920158746
1999:Q2,Next40,34.4,35.7,46.9,42.5,16.9,50,45.9,18.1,32.4,43.9,48.1,36.6,25.7,45.87752523109888
1999:Q2,Bottom50,3.4,7.4,14.5,22.8,1.6,3.1,6.5,2,5.4,32.7,27.1,52.8,17.5,6.468619085922059
1999:Q3,TopPt1,10.9,9.5,3,5,19,0.4,1.8,22,14.1,0.9,0.6,0.2,8,1.8138719953494795
1999:Q3,RemainingTop1,16.2,14.5,8.2,8.6,26.5,3.5,9.6,26.5,17.3,4.2,4.3,1.1,14.5,9.570059826525792
1999:Q3,Next9,34.9,32.6,27.2,21.1,35.4,43.1,36.5,31.6,30.9,18.3,19.9,9.1,34.6,36.491588696858166
1999:Q3,Next40,34.6,35.9,46.7,42.6,17.4,50,45.6,18,32.3,43.9,48.1,36.9,25.3,45.608712037590934
1999:Q3,Bottom50,3.4,7.5,14.8,22.7,1.6,3.1,6.5,2,5.4,32.7,27.1,52.8,17.6,6.515767443675635
1999:Q4,TopPt1,11,9.7,3.1,4.9,19.2,0.4,1.8,21.9,13.3,0.8,0.6,0.2,6.2,1.753928373717157
1999:Q4,RemainingTop1,16.8,15.1,8.4,9.2,27.1,3.5,9.2,26.7,17.3,4.1,4.4,0.9,13,9.20958778690968
1999:Q4,Next9,35,32.8,27.3,20.7,35.4,43.1,37.2,31.4,31.2,18.7,20.2,8.9,37.9,37.24875441808968
1999:Q4,Next40,33.9,35.2,46.7,42.3,16.7,49.9,45.4,18.1,32.5,43.8,48,37.3,23.6,45.41519397010603
1999:Q4,Bottom50,3.3,7.2,14.5,22.8,1.6,3,6.4,1.9,5.6,32.6,26.9,52.7,19.2,6.372535451177448
2000:Q1,TopPt1,10.9,9.5,3.1,4.7,18.9,0.4,1.7,21.3,13.4,0.8,0.5,0.2,4.6,1.6839247214382058
2000:Q1,RemainingTop1,16.9,15.2,8.5,9.7,27.3,3.6,9.1,27.5,17.1,4.1,4.4,0.9,11,9.067705624327054
2000:Q1,Next9,34.9,32.8,27.4,20.6,35.6,43.1,37.7,30.6,31.2,19.3,20.5,8.8,41.4,37.68985614550884
2000:Q1,Next40,33.9,35.2,46.6,42.2,16.6,49.9,45.2,18.7,32.6,43.5,48,37.4,22,45.2324484633083
2000:Q1,Bottom50,3.3,7.2,14.5,22.9,1.5,3,6.3,1.9,5.6,32.3,26.6,52.7,21,6.3260650454176
2000:Q2,TopPt1,10.6,9.2,3.1,4.5,18.3,0.4,1.6,21.4,13.4,0.7,0.5,0.1,4.4,1.5909666706942989
2000:Q2,RemainingTop1,16.6,14.9,8.7,10,27.1,3.6,9.1,26.4,16.9,4.1,4.4,0.8,12.3,9.07646394684565
2000:Q2,Next9,35.1,32.9,27.4,20.3,36,43.1,38,32.3,31.1,19.1,20.5,8.7,40.4,38.001956649685646
2000:Q2,Next40,34.3,35.6,46.6,42.2,17.1,49.9,45,18,32.9,43.7,48,37.8,22.4,44.99122365961051
2000:Q2,Bottom50,3.3,7.3,14.2,22.9,1.6,3,6.3,1.9,5.8,32.3,26.5,52.6,20.5,6.339389073163887
2000:Q3,TopPt1,10.5,9.1,3.1,4,17.8,0.4,1.5,21.9,13.6,0.6,0.5,0.1,3.8,1.5118282818318578
2000:Q3,RemainingTop1,16.5,14.8,8.7,10.5,27,3.7,9,25.6,16.8,4.1,4.5,0.7,12.8,9.009187443997797
2000:Q3,Next9,35.3,33,27.3,20.4,36.2,43.1,38.4,33.5,31,19.1,20.6,8.5,40.7,38.39333789571465
2000:Q3,Next40,34.3,35.6,46.5,42.2,17.4,49.9,44.8,17.3,32.9,43.8,48,38.2,22.1,44.76926578542833
2000:Q3,Bottom50,3.4,7.4,14.4,22.9,1.6,2.9,6.3,1.8,5.8,32.4,26.5,52.5,20.6,6.316380593027366
2000:Q4,TopPt1,10.3,8.9,3.1,4.2,16.8,0.4,1.4,21.9,14.5,0.6,0.5,0.1,4,1.4037444617590762
2000:Q4,RemainingTop1,16.2,14.5,9,10.7,26.5,3.7,9.1,25.8,16.9,4.2,4.5,0.5,15.4,9.098952047997017
2000:Q4,Next9,35.3,32.9,27.4,19.8,36.7,43.1,38.6,33.3,30.9,18.6,20.5,8.3,37.7,38.649901721007694
2000:Q4,Next40,34.8,36.2,46.6,42.3,18.3,49.9,44.5,17.3,32.1,44.1,48,38.6,23.5,44.48592691986993
2000:Q4,Bottom50,3.3,7.5,13.9,23,1.6,2.9,6.4,1.7,5.6,32.5,26.5,52.4,19.3,6.361474849366278
2001:Q1,TopPt1,9.9,8.6,3.1,4.2,15.9,0.4,1.3,22,14.5,0.6,0.5,0.1,4.1,1.2548191219989817
2001:Q1,RemainingTop1,16.1,14.4,9.4,10.9,25.9,3.8,9.2,26.4,17.2,4.4,4.6,0.6,18.6,9.22866914295545
2001:Q1,Next9,35.2,32.8,27.4,19.4,37.1,43.1,39.1,32.5,30.9,18.2,20.4,8.2,34.6,39.08661545513642
2001:Q1,Next40,35.5,36.8,46.9,42.5,19.4,49.9,44,17.5,31.8,44.5,48.1,38.7,24.9,44.02908042088442
2001:Q1,Bottom50,3.3,7.4,13.2,22.9,1.7,2.9,6.4,1.6,5.6,32.4,26.4,52.4,17.9,6.400815859024734
2001:Q2,TopPt1,9.8,8.5,3.1,4,15.9,0.4,1.2,21.9,14,0.5,0.4,0.1,3.5,1.2155280687601084
2001:Q2,RemainingTop1,16.2,14.6,9.5,11.4,26,3.6,9.1,26.9,17.2,4.5,4.6,0.7,19.5,9.108690587851335
2001:Q2,Next9,35.3,32.8,27.4,19.3,37.1,43.2,39.4,32.1,31.1,17.9,20.1,8.1,34.2,39.371266890210784
2001:Q2,Next40,35.4,36.7,46.7,42.4,19.4,50,43.9,17.7,32.1,44.6,48.2,38.8,25.2,43.93762151805765
2001:Q2,Bottom50,3.2,7.4,13.3,22.9,1.6,2.8,6.4,1.4,5.7,32.5,26.7,52.4,17.6,6.366892935120129
2001:Q3,TopPt1,9.6,8.2,3.1,3.7,14.8,0.3,1.1,21.8,14.7,0.4,0.4,0,2.2,1.0594123588560747
2001:Q3,RemainingTop1,15.9,14.1,9.4,11.6,25.3,3.4,9.2,27.1,17.1,4.4,4.6,0.7,16.2,9.219845325855909
2001:Q3,Next9,35.3,32.7,27.4,19.3,37.6,43.3,39.9,31.9,31.1,18.5,20.4,7.9,38.9,39.88765772692325
2001:Q3,Next40,36,37.3,46.6,42.6,20.7,50.2,43.4,17.8,31.6,44.2,48,39,22.9,43.4418464414394
2001:Q3,Bottom50,3.2,7.6,13.5,22.8,1.7,2.8,6.4,1.4,5.5,32.4,26.6,52.3,19.9,6.391238146925361
2001:Q4,TopPt1,9.6,8.2,3.1,4.1,15.5,0.3,1.1,21.3,13.8,0.5,0.4,0.1,3,1.0889241620041514
2001:Q4,RemainingTop1,16.3,14.6,9.7,11.3,25.7,3.3,9.1,28.8,17.7,4.7,4.8,0.7,22,9.090418082179974
2001:Q4,Next9,35.4,32.7,27.4,19.4,37.2,43.7,39.9,29.8,31.4,17.2,19.3,7.9,33.1,39.937513915722796
2001:Q4,Next40,35.7,37.1,46.7,42.5,20,50,43.6,18.9,31.7,45.1,48.8,39,25.2,43.60968462483211
2001:Q4,Bottom50,3,7.4,13.2,22.8,1.6,2.7,6.3,1.3,5.5,32.5,26.7,52.2,16.7,6.27345921526097
2002:Q1,TopPt1,9.5,8.1,3.1,4.6,15.7,0.3,1.1,21.1,13.3,0.5,0.4,0.1,3.2,1.1162658666436605
2002:Q1,RemainingTop1,16.4,14.7,10,10.9,25.8,3.2,9,29,17.8,4.8,4.9,0.8,23.7,9.035018632261224
2002:Q1,Next9,35.4,32.7,27.4,19.4,37.1,44,39.8,29.6,31.7,17.3,19.4,8,32.2,39.82762027479455
2002:Q1,Next40,35.8,37.2,46.8,42.5,19.8,49.8,43.8,19.1,31.9,45.4,49.1,39,25,43.816287852433604
2002:Q1,Bottom50,3,7.3,12.7,22.7,1.6,2.7,6.2,1.3,5.4,32,26.2,52.1,15.9,6.2048073738669665
2002:Q2,TopPt1,9.3,8,3.1,5.1,15.5,0.3,1,20.7,13.2,0.5,0.4,0.1,3.5,1.0341780364503081
2002:Q2,RemainingTop1,16.3,14.6,10.2,10.3,25.6,3,9.1,29.9,17.8,4.9,4.9,0.8,27.4,9.11563966443404
2002:Q2,Next9,35.3,32.5,27.5,19.3,37.1,44.3,40.1,28.5,31.7,17.1,19.4,8,29.3,40.08600260350849
2002:Q2,Next40,36.1,37.6,46.7,42.7,20.2,49.6,43.6,19.7,31.9,45.8,49.3,39.1,25.8,43.62464519911964
2002:Q2,Bottom50,2.9,7.3,12.5,22.6,1.5,2.7,6.1,1.3,5.4,31.7,25.9,52,14.1,6.139534496487523
2002:Q3,TopPt1,9.1,7.7,3.1,5.2,15,0.3,0.9,20.5,13.3,0.5,0.5,0.2,4.1,0.9367111324379287
2002:Q3,RemainingTop1,15.9,14.2,10.1,9.8,25.1,2.9,9.2,30.4,17.9,5.1,5,0.8,31.8,9.188935198243453
2002:Q3,Next9,35.4,32.4,27.4,19.6,37.3,44.7,40.4,27.9,31.8,16.7,19.1,8.1,25.7,40.42523630045898
2002:Q3,Next40,36.6,38.1,46.5,42.9,21.1,49.5,43.4,20,31.7,46.1,49.6,39.1,26.6,43.39180447710935
2002:Q3,Bottom50,3,7.6,12.9,22.5,1.6,2.6,6.1,1.3,5.3,31.5,25.9,51.9,11.8,6.057312891750285
2002:Q4,TopPt1,8.8,7.4,3.1,5.3,15.5,0.3,1,17.6,13,0.5,0.5,0.2,4.1,0.9544986153944527
2002:Q4,RemainingTop1,16.1,14.3,10.2,9.6,25.3,2.8,9,30.8,18.4,5.2,5,0.9,33.8,9.03190741095978
2002:Q4,Next9,35.6,32.5,27.3,20,37,45,40.6,28.3,31.8,16.5,18.9,8.1,24.7,40.64124698116641
2002:Q4,Next40,36.6,38.1,46.5,42.8,20.7,49.3,43.5,21.5,31.7,46.4,49.9,39.1,26.6,43.45079116803652
2002:Q4,Bottom50,3,7.6,12.9,22.3,1.5,2.6,5.9,1.8,5.2,31.4,25.8,51.8,10.8,5.921555824442837
2003:Q1,TopPt1,8.7,7.4,3.1,5.9,15.6,0.3,0.9,17.9,12.6,0.6,0.5,0.2,4,0.9422363504415798
2003:Q1,RemainingTop1,16,14.2,10.5,9.2,25.3,2.6,9,30.5,18.3,5.3,5.1,1.1,34.3,8.958175782553516
2003:Q1,Next9,35.7,32.6,27.3,19.9,36.9,45.3,40.8,28.6,32.2,16.4,18.6,8.2,25.3,40.829865308012856
2003:Q1,Next40,36.7,38.3,46.6,42.8,20.8,49.2,43.5,21.2,31.8,46.6,50.2,38.9,25.6,43.453454067733425
2003:Q1,Bottom50,2.9,7.5,12.5,22.2,1.4,2.6,5.8,1.8,5.2,31.1,25.6,51.7,10.8,5.816268491258622
2003:Q2,TopPt1,9,7.6,3.1,6.2,16.5,0.3,1,18,12.5,0.5,0.5,0.2,2.6,1.0128225430522069
2003:Q2,RemainingTop1,16.4,14.6,10.7,8.9,26,2.5,8.8,31.2,18.2,5.2,5.1,1.1,26,8.773009316361511
2003:Q2,Next9,35.7,32.6,27.2,20.1,36.5,45.6,40.8,27.6,32.5,17,18.6,8.2,34.4,40.81977624673526
2003:Q2,Next40,36.3,37.9,46.7,42.7,19.7,49,43.7,21.5,31.7,46.3,50.3,38.9,21.7,43.68257235960218
2003:Q2,Bottom50,2.6,7.3,12.2,22.2,1.3,2.5,5.7,1.7,5.1,31,25.6,51.6,15.3,5.7118195342488365
2003:Q3,TopPt1,9.1,7.7,3.2,6.2,17,0.3,1,18.2,12.1,0.6,0.5,0.3,2.9,1.0163638001998754
2003:Q3,RemainingTop1,16.6,14.7,10.7,8.6,26.3,2.4,8.7,32.2,18.2,5.3,5.1,1.1,29.2,8.67987317095215
2003:Q3,Next9,35.6,32.5,27.1,20.5,36.2,45.9,41,26.1,32.7,17,18.8,8.2,31.9,40.9765793126654
2003:Q3,Next40,36.1,37.8,46.6,42.7,19.2,48.9,43.7,21.9,31.8,46.4,50.2,39,22.3,43.714287814387696
2003:Q3,Bottom50,2.6,7.2,12.4,22.1,1.2,2.5,5.6,1.6,5.1,30.7,25.4,51.5,13.7,5.612895901794875
2003:Q4,TopPt1,9.3,7.9,3.2,6.3,17.7,0.3,1.1,18.5,12,0.6,0.5,0.3,4.9,1.0693515575173498
2003:Q4,RemainingTop1,16.8,14.9,10.6,8.4,26.8,2.3,8.5,32.3,18.5,5.6,5.2,1.1,36.6,8.517528845014608
2003:Q4,Next9,35.8,32.6,27.3,20.8,35.9,46.2,41,25.9,32.7,16.5,18.5,8.2,24.6,41.01938798403788
2003:Q4,Next40,35.4,37.3,46.2,42.5,18.4,48.7,43.9,21.8,31.8,46.7,50.5,39,23.8,43.87656325232109
2003:Q4,Bottom50,2.7,7.2,12.8,22,1.2,2.5,5.5,1.5,5,30.5,25.4,51.4,10.1,5.51716836110908
2004:Q1,TopPt1,9.9,8.4,3.2,6.6,18.2,0.3,1.1,18.9,13.6,0.7,0.5,0.3,4.7,1.065529535403831
2004:Q1,RemainingTop1,16.9,15.1,11,8,27.2,2.1,8.4,31.3,18.7,5.7,5.2,1.2,35.9,8.422773745703958
2004:Q1,Next9,35.8,32.7,27.1,20.9,35.6,46.6,41.2,27.2,32.6,16.5,18.4,8.3,26,41.23481488891112
2004:Q1,Next40,35,36.9,46.6,42.5,17.9,48.6,43.9,21.1,30.5,46.9,50.7,38.8,22.9,43.86012099926274
2004:Q1,Bottom50,2.5,6.9,12.2,22,1.1,2.4,5.4,1.5,4.6,30.2,25.2,51.3,10.5,5.416760830718351
2004:Q2,TopPt1,9.9,8.4,3.2,6.4,18.5,0.3,1.1,19.8,13,0.7,0.5,0.3,4.5,1.0611258520177678
2004:Q2,RemainingTop1,16.8,15,10.9,7.8,27.3,2.2,8.4,30.8,18.7,5.8,5.2,1.3,35.6,8.35664341631666
2004:Q2,Next9,35.8,32.7,27,21.4,35.5,46.8,41.4,27.5,32.9,16.7,18.5,8.3,27.1,41.380153584454014
2004:Q2,Next40,34.9,36.8,46.5,42.5,17.7,48.3,43.9,20.5,30.7,46.8,50.7,38.8,22,43.868166151297046
2004:Q2,Bottom50,2.6,7,12.5,21.9,1,2.4,5.3,1.4,4.7,30,25.1,51.2,10.8,5.333910995914509
2004:Q3,TopPt1,10.1,8.6,3.2,6.9,18.9,0.4,1,20.6,13.2,0.7,0.5,0.3,4.3,1.0439763578194154
2004:Q3,RemainingTop1,16.7,14.9,10.9,7.4,27.5,2.2,8.3,30.2,18.7,5.8,5.2,1.3,37.8,8.282841564203308
2004:Q3,Next9,36,32.8,27.2,21.4,35.3,47,41.6,28.1,32.9,16.6,18.4,8.3,26.1,41.62065478864779
2004:Q3,Next40,34.6,36.6,46.1,42.5,17.4,48.1,43.8,19.7,30.6,47,50.8,38.9,22,43.814742108679894
2004:Q3,Bottom50,2.6,7,12.6,21.8,1,2.3,5.2,1.4,4.6,30,25.1,51.2,9.7,5.237785180649587
2004:Q4,TopPt1,10.4,8.8,3.1,6.5,19.3,0.5,1.1,21.2,13.6,0.6,0.5,0.3,3.5,1.1332369337711519
2004:Q4,RemainingTop1,16.9,15,10.9,7.6,27.7,2.4,8.5,30.3,18.2,5.4,5.1,1.2,30.5,8.512772490257275
2004:Q4,Next9,35.9,32.9,27.3,21.5,35.3,47,41.4,27.6,33.1,17.2,18.7,8.4,32,41.44469696251033
2004:Q4,Next40,34.3,36.3,46.1,42.3,16.8,47.8,43.6,19.4,30.5,46.3,50,38.9,20.5,43.63681577881044
2004:Q4,Bottom50,2.5,7,12.6,22.1,1,2.3,5.3,1.4,4.6,30.5,25.7,51.2,13.5,5.272477834650809
2005:Q1,TopPt1,10.4,8.8,3,6.4,19.5,0.6,1.2,21.7,13.4,0.6,0.5,0.3,3.4,1.157935819738243
2005:Q1,RemainingTop1,16.8,15,10.9,7.6,27.5,2.6,8.8,29.8,18,5.3,5,1.5,29.4,8.82560521118577
2005:Q1,Next9,36,32.9,27.5,21.4,35.5,46.9,41.4,28.2,33.1,17,18.4,8.4,32.5,41.42310985700833
2005:Q1,Next40,34.3,36.2,46,42.3,16.6,47.6,43.3,18.9,30.8,46,49.5,38.5,20.9,43.294343000576504
2005:Q1,Bottom50,2.4,7.1,12.6,22.3,1,2.3,5.3,1.4,4.8,31.1,26.6,51.3,13.8,5.2990061114911535
2005:Q2,TopPt1,10.6,8.9,3,6.5,19.7,0.7,1.2,22.1,13.6,0.6,0.5,0.3,3.8,1.2057600202078276
2005:Q2,RemainingTop1,16.9,15,10.9,7.7,27.5,2.8,9.1,29.9,17.8,5.2,4.8,1.5,28.7,9.075739665470115
2005:Q2,Next9,36,33,27.9,21,35.6,46.9,41.4,27.8,33.1,17.2,18.7,8.4,32.1,41.36261187924683
2005:Q2,Next40,34.1,36,45.6,42.2,16.3,47.3,43,18.7,30.8,45.5,48.8,38.4,21.2,43.033068609915915
2005:Q2,Bottom50,2.4,7.2,12.6,22.6,1,2.3,5.3,1.5,4.8,31.5,27.2,51.4,14.1,5.322819825159315
2005:Q3,TopPt1,10.6,9,3,6.2,20,0.8,1.3,22.7,13.2,0.6,0.5,0.3,4.1,1.265265217918284
2005:Q3,RemainingTop1,16.9,15,10.7,7.8,27.5,3,9.3,29.6,17.5,5,4.7,1.4,28.2,9.318640321333445
2005:Q3,Next9,36.1,33.1,28.1,21.1,35.6,46.9,41.2,28.1,33.2,17.4,18.9,8.4,31.6,41.187972547630096
2005:Q3,Next40,33.9,35.7,45.4,42,15.8,47,42.9,18.2,31.2,45,48.1,38.4,21.7,42.86434338183094
2005:Q3,Bottom50,2.4,7.3,12.9,22.8,1,2.4,5.4,1.5,4.9,32,27.8,51.5,14.3,5.36377853128723
2005:Q4,TopPt1,10.7,9,2.9,5.9,20.2,0.8,1.3,23.1,13.2,0.6,0.5,0.2,4.9,1.3144420367943186
2005:Q4,RemainingTop1,16.9,15,10.7,8,27.4,3.2,9.5,29.2,17.4,4.9,4.6,1.4,29.5,9.544128178849492
2005:Q4,Next9,36.2,33.1,28.2,21.2,35.8,46.9,41.1,28.4,33.2,17.4,19.2,8.4,29,41.08454245686214
2005:Q4,Next40,33.7,35.5,45.2,41.9,15.5,46.8,42.7,17.7,31.2,44.7,47.4,38.4,22.9,42.664125856383706
2005:Q4,Bottom50,2.5,7.4,13,23,1,2.4,5.4,1.6,5,32.4,28.4,51.5,13.6,5.3927614711103455
2006:Q1,TopPt1,11.1,9.4,2.9,6,20.7,0.9,1.4,23.2,13.3,0.6,0.5,0.2,4.9,1.3583338607189996
2006:Q1,RemainingTop1,17.1,15.1,10.4,8,27.7,3.3,9.8,28.5,17.1,4.7,4.4,1.4,26.3,9.755490779149332
2006:Q1,Next9,36.4,33.4,28.6,20.9,35.7,46.8,41,29.4,33.3,17.9,19.6,8.4,31.1,41.013358166419906
2006:Q1,Next40,33,34.8,44.7,41.8,14.9,46.5,42.5,17.3,31.3,44.1,46.7,38.4,22.3,42.456959873919445
2006:Q1,Bottom50,2.4,7.4,13.4,23.3,1,2.4,5.4,1.7,5,32.7,28.9,51.6,15.4,5.415857319792318
2006:Q2,TopPt1,11.1,9.3,2.9,5.7,20.8,1,1.4,23.4,13.4,0.6,0.4,0.2,5.4,1.3797911099542373
2006:Q2,RemainingTop1,16.9,14.8,10.4,8.1,27.5,3.5,10,27.7,16.9,4.6,4.3,1.5,25.1,10.043808641370926
2006:Q2,Next9,36.6,33.5,28.6,20.9,35.9,46.8,41,30.5,33.3,18.1,19.8,8.4,30.9,40.97049254970512
2006:Q2,Next40,33,34.8,44.6,41.7,14.8,46.3,42.2,16.7,31.4,43.6,46,38.1,22.6,42.161031284153985
2006:Q2,Bottom50,2.4,7.5,13.6,23.5,1,2.4,5.4,1.7,5.1,33.1,29.4,51.7,16,5.4448764148157345
2006:Q3,TopPt1,11.2,9.4,2.8,5.3,21,1.1,1.4,23.7,13.3,0.6,0.4,0.2,5.4,1.4213842924262394
2006:Q3,RemainingTop1,17,14.8,10.3,8.3,27.4,3.7,10.2,27.3,16.8,4.4,4.2,1.5,22.6,10.24108746080262
2006:Q3,Next9,36.7,33.6,28.7,21.1,36,46.8,40.9,30.9,33.4,18.2,19.9,8.4,32.4,40.89405321464452
2006:Q3,Next40,32.8,34.5,44.4,41.6,14.5,46.1,42,16.3,31.4,43.1,45.5,37.9,22.4,41.97528691564115
2006:Q3,Bottom50,2.3,7.6,13.8,23.8,1,2.4,5.5,1.8,5.1,33.6,30,52,17.3,5.468188116485478
2006:Q4,TopPt1,11.4,9.5,2.8,5.1,21.3,1.2,1.5,24,12.8,0.6,0.4,0.2,5.1,1.472263337259987
2006:Q4,RemainingTop1,17.1,14.9,10.1,8.4,27.5,3.9,10.4,27,16.7,4.3,4.1,1.5,18.8,10.392001119605988
2006:Q4,Next9,36.9,33.8,28.9,21.1,36,46.7,40.8,31.2,33.5,18.5,20.1,8.4,35.1,40.776420801315346
2006:Q4,Next40,32.4,34.1,44,41.4,14.1,45.8,41.9,16,31.7,42.6,45.1,37.9,21.6,41.86646103483847
2006:Q4,Bottom50,2.3,7.6,14.1,24,1,2.4,5.5,1.8,5.2,34,30.4,52.1,19.4,5.492853706980206
2007:Q1,TopPt1,11.6,9.8,2.8,5.3,21.5,1.3,1.5,24.1,13.1,0.6,0.4,0.2,5.3,1.505563507550442
2007:Q1,RemainingTop1,17.1,14.9,9.9,8.4,27.6,4,10.6,26.1,16.6,4.1,4,1.6,18.2,10.609061989981399
2007:Q1,Next9,37.2,34.1,29.3,20.7,36.1,46.7,40.7,32.5,33.6,18.8,20.4,8.4,34.9,40.68953374549906
2007:Q1,Next40,31.8,33.6,43.5,41.3,13.8,45.6,41.7,15.5,31.6,42.2,44.5,37.5,21.8,41.67458977285271
2007:Q1,Bottom50,2.3,7.7,14.5,24.3,1,2.4,5.5,1.9,5.2,34.2,30.7,52.3,19.7,5.521250984116385
2007:Q2,TopPt1,11.8,9.9,2.8,5.2,21.7,1.4,1.5,24.1,13.2,0.6,0.4,0.2,4.6,1.5495127158532678
2007:Q2,RemainingTop1,17,14.8,9.8,8.6,27.5,4.2,10.7,24.9,16.3,3.9,3.9,1.6,14.2,10.720933001117583
2007:Q2,Next9,37.5,34.4,29.5,20.6,36.2,46.6,40.6,34.2,33.6,19.2,20.6,8.4,38.8,40.62835696725689
2007:Q2,Next40,31.6,33.3,43.3,41.1,13.6,45.5,41.6,14.9,31.7,41.7,44,37.5,20.7,41.56742062020716
2007:Q2,Bottom50,2.2,7.7,14.7,24.5,1,2.4,5.5,2,5.2,34.6,31.1,52.4,21.8,5.533776695565101
2007:Q3,TopPt1,11.9,10,2.8,5,21.8,1.4,1.6,24,13.6,0.6,0.4,0.2,5.6,1.5806704894810872
2007:Q3,RemainingTop1,17,14.8,9.7,8.7,27.3,4.3,10.9,24.1,16.6,3.8,3.8,1.5,14.5,10.901571359516886
2007:Q3,Next9,37.7,34.5,29.5,20.6,36.3,46.5,40.6,35.4,33.5,19.1,20.7,8.3,36.3,40.56924508588987
2007:Q3,Next40,31.3,33.1,43.3,41,13.6,45.4,41.4,14.5,31.2,41.5,43.6,37.4,21.8,41.39406350906379
2007:Q3,Bottom50,2,7.7,14.8,24.8,1,2.4,5.6,2,5.1,35.1,31.5,52.6,21.8,5.554449556048368
2007:Q4,TopPt1,11.9,9.9,2.8,5.2,21.7,1.3,1.5,23.7,14,0.6,0.4,0.2,5.3,1.4886320935243254
2007:Q4,RemainingTop1,16.9,14.6,9.7,8.4,27.1,4.3,11,23.8,17,3.8,3.7,1.5,13.3,10.959838467581342
2007:Q4,Next9,38,34.7,29.7,20.5,36.5,46.3,41,35.8,33.6,19.1,20.7,8.2,37.4,41.02760901319778
2007:Q4,Next40,31.4,33.1,43,41.2,13.7,45.7,41,14.6,30.5,41.2,43.3,37.3,21.4,40.981037166486885
2007:Q4,Bottom50,1.8,7.7,14.8,24.7,1,2.3,5.5,2.1,4.9,35.3,31.8,52.8,22.6,5.542883259209661
2008:Q1,TopPt1,11.7,9.7,2.9,5.2,21.4,1.2,1.4,22.4,14.4,0.6,0.4,0.2,4.9,1.3742565767535262
2008:Q1,RemainingTop1,16.9,14.5,9.4,8.1,26.6,4.4,11.2,25.2,17.3,3.7,3.7,1.7,12,11.166702700325768
2008:Q1,Next9,38.1,34.7,29.9,20.6,36.7,46.2,41.5,34.4,33.9,19.2,20.7,8.1,38.8,41.48133151088522
2008:Q1,Next40,31.6,33.2,42.4,41.5,14.2,46,40.4,15.9,29.6,40.8,43.1,36.9,20.8,40.428812758113985
2008:Q1,Bottom50,1.8,7.9,15.4,24.6,1,2.2,5.5,2.2,4.8,35.6,32.1,53,23.5,5.5488964539215
2008:Q2,TopPt1,11.5,9.5,3,5,21.3,1.1,1.3,21.6,14.4,0.7,0.5,0.2,5.8,1.2947210672622083
2008:Q2,RemainingTop1,16.8,14.4,9.4,7.9,26.5,4.5,11.2,24.7,17.5,3.7,3.7,1.6,14.7,11.222916272041267
2008:Q2,Next9,38.3,34.9,29.8,21,36.9,46,41.8,35.3,34,19.3,21.2,8.1,34.8,41.80875482087274
2008:Q2,Next40,31.7,33.3,42.4,41.6,14.3,46.3,40.1,16,29.4,40.8,42.7,37,22.3,40.11857078139235
2008:Q2,Bottom50,1.7,7.9,15.5,24.5,1,2.1,5.6,2.3,4.7,35.6,32,53.1,22.4,5.555037058431435
2008:Q3,TopPt1,11.2,9.2,3.1,5.1,21,1,1.2,20.6,14.6,0.7,0.5,0.3,4.8,1.1587341288287247
2008:Q3,RemainingTop1,16.7,14.2,9.6,7.6,25.9,4.5,11.4,24.8,17.7,3.7,3.6,1.8,10.8,11.449875689097686
2008:Q3,Next9,38.5,34.9,29.7,21.1,37.4,45.8,42.4,35.4,34.1,19.4,20.8,8,39.2,42.38221138909666
2008:Q3,Next40,32.3,33.8,42.6,41.8,14.8,46.6,39.5,16.6,28.9,40.3,42.6,36.6,20.7,39.46733505897787
2008:Q3,Bottom50,1.3,7.8,15.1,24.4,1,2.1,5.5,2.5,4.6,35.9,32.4,53.4,24.5,5.541843733999052
2008:Q4,TopPt1,10.6,8.7,3.2,5.4,20.4,0.9,1,19.4,14.3,0.8,0.5,0.3,9.7,0.9767372402226794
2008:Q4,RemainingTop1,16.3,13.9,9.4,7.2,24.6,4.6,11.9,24.8,18.6,4,3.6,1.9,22.1,11.912858879565622
2008:Q4,Next9,39,35,29.9,20.9,38,45.7,42.9,35.9,34.2,18.2,20.6,7.9,20.8,42.932487517767086
2008:Q4,Next40,32.7,34.3,42.2,42.2,15.9,46.9,38.6,17.2,28.3,40.8,42.5,36.4,27.9,38.6228029503988
2008:Q4,Bottom50,1.3,8.1,15.3,24.3,1,2,5.6,2.6,4.5,36.2,32.7,53.6,19.5,5.555113412045808
2009:Q1,TopPt1,10.4,8.6,3.3,5.5,20.1,0.7,0.9,18.5,14.6,0.8,0.5,0.3,11.1,0.8553994196627585
2009:Q1,RemainingTop1,15.9,13.6,9,6.9,24.1,4.7,12,25,18.7,4.1,3.6,2.2,25.7,12.023340263481343
2009:Q1,Next9,39.4,35.2,30.4,21,38.5,45.5,43.5,35.9,34.2,17.8,20.3,7.8,15,43.46829116060277
2009:Q1,Next40,32.8,34.3,41.3,42.4,16.2,47.2,38.1,17.8,28,40.7,42.4,35.8,30.4,38.128059604053895
2009:Q1,Bottom50,1.4,8.3,16.1,24.2,1,2,5.5,2.7,4.5,36.5,33.1,53.9,17.9,5.524909552199237
2009:Q2,TopPt1,10.2,8.4,3.3,5.3,20.5,0.6,0.8,17.1,13.7,0.9,0.5,0.3,10.7,0.847885161451703
2009:Q2,RemainingTop1,16.6,14.1,9.1,6.8,25.2,4.7,11.7,27.5,19,4.1,3.6,2.3,23.8,11.71973993893054
2009:Q2,Next9,39.2,35.1,30.2,21.4,38.1,45.3,43.8,33,34.5,17.9,20.4,7.7,16.3,43.751581796735806
2009:Q2,Next40,32.8,34.3,41.4,42.4,15.3,47.4,38.2,19.6,28.3,40.5,42.2,35.6,30,38.18974233504992
2009:Q2,Bottom50,1.2,8.1,15.9,24,0.9,1.9,5.5,2.8,4.5,36.6,33.3,54,19.2,5.491050767832034
2009:Q3,TopPt1,10.5,8.7,3.4,5.1,20.8,0.5,0.8,16.8,14,0.9,0.6,0.4,10.1,0.8464462534641825
2009:Q3,RemainingTop1,16.9,14.5,9.3,6.8,26,4.8,11.4,27.4,19,4,3.5,2.5,21.4,11.419944480984698
2009:Q3,Next9,39.3,35.2,30,21.9,37.8,45.2,44,33.2,34.6,17.8,20.2,7.6,18.8,43.99780272406957
2009:Q3,Next40,32.4,33.9,41.7,42.3,14.5,47.7,38.3,19.8,28,40.3,42.1,35.3,29.2,38.278956574060786
2009:Q3,Bottom50,0.9,7.8,15.6,23.9,0.9,1.8,5.5,2.9,4.5,37,33.6,54.3,20.6,5.4568499674207604
2009:Q4,TopPt1,10.4,8.6,3.5,5.3,20.9,0.4,0.8,16.5,13.6,0.9,0.6,0.4,9.3,0.7967339271087379
2009:Q4,RemainingTop1,17.1,14.6,9.4,6.6,26.2,4.9,11.3,28.2,19.2,4,3.5,2.5,18.9,11.294743479040665
2009:Q4,Next9,39.3,35.3,30.1,21.9,37.9,45,44.4,32.2,34.9,18,20.4,7.6,21.7,44.37774692002892
2009:Q4,Next40,32.4,33.9,41.6,42.4,14.2,48,38.1,20.3,27.9,40,41.9,35,28.1,38.112134429666824
2009:Q4,Bottom50,0.8,7.7,15.4,23.9,0.9,1.8,5.4,2.9,4.5,37.1,33.7,54.5,22,5.41864124415485
2010:Q1,TopPt1,10.5,8.8,3.5,5.3,21,0.3,0.8,17.2,13.8,1,0.6,0.4,9.1,0.7544769095011064
2010:Q1,RemainingTop1,17.2,14.7,9.5,6.4,26.5,4.9,11.2,27.6,19.1,4,3.5,2.7,16.7,11.191252960520393
2010:Q1,Next9,39.3,35.4,30.1,22.1,37.8,44.9,44.7,32.8,34.9,18.2,20.5,7.5,22.7,44.66869184715968
2010:Q1,Next40,32.3,33.6,41.7,42.4,13.8,48.2,38,19.7,27.8,39.7,41.7,34.6,28.2,37.99064223255555
2010:Q1,Bottom50,0.7,7.4,15.1,23.8,0.9,1.7,5.4,2.8,4.4,37.1,33.7,54.8,23.3,5.394936050263275
2010:Q2,TopPt1,10.6,8.9,3.6,5.4,20.8,0.2,0.6,18.3,14.4,1,0.6,0.4,8.7,0.6336644122943915
2010:Q2,RemainingTop1,16.9,14.5,9.7,6.1,26.2,4.9,11.3,26.7,18.9,3.9,3.4,2.7,15.7,11.329741142414914
2010:Q2,Next9,39.5,35.6,30.1,22.2,38.2,44.9,45.2,33.7,35.1,18.5,20.8,7.4,24.1,45.192994241967554
2010:Q2,Next40,32.4,33.7,41.8,42.6,14,48.3,37.5,18.7,27.3,39.4,41.4,34.5,27.6,37.480794314242864
2010:Q2,Bottom50,0.6,7.3,14.8,23.6,0.8,1.6,5.4,2.7,4.3,37.1,33.7,55,24,5.3628058890802714
2010:Q3,TopPt1,10.9,9.1,3.7,5.4,21,0.1,0.6,19,14.3,1,0.7,0.5,8.3,0.6277712923860385
2010:Q3,RemainingTop1,17.1,14.7,9.4,6,26.8,4.9,11.1,27,19,3.9,3.4,2.8,14.9,11.103964573189144
2010:Q3,Next9,39.6,35.8,30.3,22.5,38,45,45.4,32.9,35.3,18.5,20.8,7.3,25.2,45.426580467062536
2010:Q3,Next40,31.8,33.1,41.2,42.6,13.5,48.5,37.5,18.5,27.1,39.2,41.3,34.2,27,37.51212365985813
2010:Q3,Bottom50,0.6,7.3,15.3,23.5,0.8,1.6,5.3,2.6,4.3,37.4,33.8,55.2,24.7,5.329560007504154
2010:Q4,TopPt1,11.1,9.3,3.7,5.7,21.2,0.1,0.7,19.8,13.9,1,0.6,0.4,7.2,0.7199267133990105
2010:Q4,RemainingTop1,17.3,14.9,9.5,6.2,27,4.6,10.8,26.7,19.6,3.8,3.4,2.3,13.8,10.820925384374185
2010:Q4,Next9,39.5,35.8,30.4,22.3,37.6,45.3,45,33,35.1,18.6,20.8,7.3,28.7,45.03222852404774
2010:Q4,Next40,31.5,32.9,41.1,42.4,13.3,48.5,38.2,18.1,27.2,39.3,41.6,34.7,24.5,38.163102046278404
2010:Q4,Bottom50,0.6,7.1,15.2,23.5,0.8,1.6,5.3,2.4,4.3,37.3,33.4,55.2,25.8,5.263817331900663
2011:Q1,TopPt1,11.3,9.5,3.7,5.9,21.5,0.1,0.8,20.4,13.7,0.9,0.6,0.4,6.2,0.8019634139816401
2011:Q1,RemainingTop1,17.5,15.1,9.8,6.3,27.1,4.3,10.7,25.9,19.6,3.8,3.5,2.4,13.1,10.661758343405971
2011:Q1,Next9,39.4,35.9,30.2,22.1,37.3,45.5,44.5,33.8,35.2,19,21.2,7.3,31.5,44.48451094933854
2011:Q1,Next40,31.3,32.7,41.5,42.2,13.3,48.5,38.8,17.5,27.3,39.3,41.9,34.4,22.4,38.81618190729512
2011:Q1,Bottom50,0.5,6.8,14.8,23.5,0.8,1.6,5.2,2.3,4.3,37,32.8,55.5,26.7,5.235585385978731
2011:Q2,TopPt1,11.4,9.6,3.7,6.3,21.5,0.1,0.8,20.8,13.8,0.9,0.6,0.4,5.8,0.8478542618197844
2011:Q2,RemainingTop1,17.5,15.2,10.2,6.3,27,4.1,10.6,26.3,19.7,3.8,3.5,2.2,13.8,10.553697357603022
2011:Q2,Next9,39.2,35.7,30.2,21.7,37.2,45.7,44.2,33.2,35,19.1,21.3,7.4,32.2,44.15577481852624
2011:Q2,Next40,31.4,32.8,41.8,42,13.4,48.5,39.3,17.6,27.2,39.5,42.2,34.4,21.1,39.26458009684393
2011:Q2,Bottom50,0.4,6.7,14.1,23.6,0.8,1.6,5.2,2.2,4.3,36.7,32.4,55.6,27,5.178093465207032
2011:Q3,TopPt1,11.4,9.6,3.8,6.2,21.4,0.1,0.8,21.2,14.5,0.9,0.6,0.4,6.4,0.8150332289463239
2011:Q3,RemainingTop1,17,14.7,10,6.4,26.2,3.8,10.7,26.6,19.5,3.9,3.5,2.1,16.1,10.685970396169065
2011:Q3,Next9,39.2,35.6,30.2,21.9,37.4,45.9,44,32.5,34.8,19,21.4,7.4,28.9,44.021047583878406
2011:Q3,Next40,31.8,33.2,41.4,42.1,14.2,48.5,39.4,17.6,26.8,39.7,42.5,34.3,21.4,39.368177134251965
2011:Q3,Bottom50,0.6,6.9,14.7,23.4,0.9,1.6,5.1,2.1,4.2,36.5,31.9,55.8,27.1,5.109771656754246
2011:Q4,TopPt1,11.6,9.7,3.8,6.5,21.6,0.1,0.9,21.9,14.1,0.8,0.5,0.4,6.5,0.9045258880535976
2011:Q4,RemainingTop1,17,14.8,9.9,6.5,26.3,3.6,10.5,25.7,19.8,4,3.6,1.9,17.4,10.46668230801065
2011:Q4,Next9,39.3,35.8,30.4,21.7,37.1,46.1,43.5,33.5,34.8,18.9,21.5,7.4,27.5,43.54017381443501
2011:Q4,Next40,31.4,32.9,41,41.8,14.1,48.5,40,16.9,27,39.9,42.9,34.3,21.1,40.03009329409963
2011:Q4,Bottom50,0.7,6.9,14.9,23.4,0.9,1.7,5.1,2,4.3,36.4,31.5,55.9,27.6,5.058524695401119
2012:Q1,TopPt1,11.7,9.9,3.8,6.9,21.9,0.1,1,22.2,13.6,0.8,0.5,0.4,5.6,1.0066943905256593
2012:Q1,RemainingTop1,17.3,15,10.1,6.7,26.7,3.4,10.2,25.1,20,4,3.6,1.9,16.6,10.161751278757285
2012:Q1,Next9,39.2,35.8,30.5,21.3,36.7,46.4,43.1,34.2,34.7,19.4,21.9,7.4,30.3,43.1285367148217
2012:Q1,Next40,31.1,32.6,41.1,41.6,13.8,48.5,40.7,16.6,27.3,39.9,43.1,34.1,19.2,40.71250977582054
2012:Q1,Bottom50,0.7,6.6,14.5,23.5,0.9,1.7,5,1.9,4.4,36,30.9,56.2,28.3,4.99050784007481
2012:Q2,TopPt1,11.8,10,3.8,7,21.9,0.1,1,22.4,14.1,0.8,0.5,0.4,5.7,1.0467234821082843
2012:Q2,RemainingTop1,17.1,14.9,10.4,6.8,26.5,3.1,10.2,25.1,19.8,4,3.6,1.7,18.4,10.160253413183236
2012:Q2,Next9,39,35.7,30.3,21.3,36.7,46.6,42.6,34.1,34.7,19.3,22,7.5,28.9,42.63324483349019
2012:Q2,Next40,31.3,32.8,41.4,41.5,14.1,48.5,41.2,16.5,27.1,40.1,43.5,34.2,18.5,41.20598908383046
2012:Q2,Bottom50,0.7,6.6,14.2,23.4,0.9,1.7,5,1.9,4.3,35.8,30.4,56.3,28.5,4.953789187387834
2012:Q3,TopPt1,12,10.2,3.8,7.1,22.1,0.2,1.1,22.8,14.1,0.7,0.5,0.4,5.1,1.126196626913829
2012:Q3,RemainingTop1,17.2,15.1,10.4,6.9,26.6,2.9,10,24.9,20.2,4,3.7,1.6,18,9.9710172844905
2012:Q3,Next9,38.9,35.6,30.3,21.3,36.4,46.8,42.2,34.1,34.4,19.3,22,7.5,30.5,42.18663887692015
2012:Q3,Next40,31.1,32.6,41.2,41.2,14,48.5,41.8,16.3,27.1,40.3,43.9,34.1,17.2,41.81892226294004
2012:Q3,Bottom50,0.8,6.5,14.2,23.4,0.9,1.7,4.9,1.8,4.3,35.7,30,56.4,29.1,4.897224948735485
2012:Q4,TopPt1,12.1,10.2,3.8,7.3,22.3,0.2,1.2,23.2,13.9,0.7,0.4,0.4,4.9,1.1818871589966011
2012:Q4,RemainingTop1,17.2,15,10.5,7,26.5,2.6,9.9,24.6,20.1,4,3.7,1.3,18.3,9.861097644972496
2012:Q4,Next9,38.8,35.7,30.3,21.2,36.2,47,41.8,34.4,34.6,19.6,22.5,7.5,30.6,41.78190963385841
2012:Q4,Next40,31.1,32.6,41.2,41.1,14.1,48.5,42.3,16.1,27,40.4,44.1,34.3,16.4,42.34008972747599
2012:Q4,Bottom50,0.9,6.5,14.2,23.4,0.9,1.8,4.8,1.8,4.3,35.3,29.3,56.5,29.9,4.8350158346965015
2013:Q1,TopPt1,12.1,10.3,3.7,7.6,22.5,0.2,1.3,23.5,13.5,0.6,0.4,0.4,4.6,1.269929862926098
2013:Q1,RemainingTop1,17.3,15.2,10.9,7.2,26.9,2.4,9.6,24.5,20.2,4.1,3.8,1.5,18.9,9.640535844871966
2013:Q1,Next9,38.8,35.7,30.2,21,35.9,47.2,41.3,34.4,34.7,19.1,21.7,7.5,30.8,41.33354781288758
2013:Q1,Next40,31,32.5,41.6,40.8,13.8,48.4,43,15.9,27.3,40.7,44.7,33.9,15.6,42.977027996925734
2013:Q1,Bottom50,0.8,6.3,13.5,23.4,0.9,1.8,4.8,1.7,4.4,35.5,29.4,56.6,30.2,4.778958482388621
2013:Q2,TopPt1,12.1,10.3,3.7,7.7,22.6,0.2,1.3,24.2,12.9,0.6,0.4,0.4,4.3,1.3268906854252183
2013:Q2,RemainingTop1,17.1,15.1,11.1,7.3,26.9,2.2,9.5,23.8,20.1,4.1,3.8,1.3,19.4,9.538408599836524
2013:Q2,Next9,38.8,35.7,30.2,21,35.8,47.5,40.9,35.1,34.8,19.1,21.8,7.6,30.7,40.90499980525225
2013:Q2,Next40,31.1,32.6,41.7,40.7,13.9,48.4,43.5,15.3,27.6,40.9,45.1,34,14.8,43.512041715808955
2013:Q2,Bottom50,0.9,6.2,13.3,23.3,0.9,1.8,4.7,1.6,4.6,35.3,28.9,56.7,30.8,4.717659193677059
2013:Q3,TopPt1,12.2,10.4,3.7,7.6,22.7,0.2,1.4,24.9,12.7,0.5,0.3,0.4,3.9,1.4049894535046765
2013:Q3,RemainingTop1,17.1,15.1,11.2,7.5,27,2,9.3,23.2,20.3,4.1,3.9,1.2,19.6,9.337392400877059
2013:Q3,Next9,38.7,35.7,30,21.1,35.6,47.7,40.5,35.7,34.7,19.2,21.9,7.6,31.7,40.50690395496935
2013:Q3,Next40,31,32.5,41.9,40.5,13.8,48.3,44.1,14.7,27.7,41,45.4,33.9,13.7,44.09505154944081
2013:Q3,Bottom50,1,6.2,13.2,23.3,0.9,1.8,4.7,1.6,4.6,35.1,28.5,56.8,31.1,4.655662641208095
2013:Q4,TopPt1,12.2,10.5,3.7,7.7,22.9,0.2,1.5,25.3,12.3,0.5,0.3,0.4,2.8,1.5074866701966452
2013:Q4,RemainingTop1,17.4,15.4,11.3,7.5,27.3,2.1,9.3,23.9,20.4,4,3.9,1.3,14.5,9.29557748074868
2013:Q4,Next9,38.6,35.7,30,21,35.5,47.9,40.9,34.7,34.8,19.6,21.8,7.6,37.4,40.90448944478024
2013:Q4,Next40,30.9,32.4,42.1,40.5,13.5,48.1,43.7,14.6,27.8,41,45.8,34.3,13.5,43.67539047031104
2013:Q4,Bottom50,0.9,6,13,23.2,0.9,1.7,4.6,1.5,4.6,34.9,28.2,56.4,31.9,4.617055933963401
2014:Q1,TopPt1,12.4,10.6,3.7,8.1,23,0.2,1.6,25.5,12.4,0.5,0.4,0.4,2.8,1.5811724570105792
2014:Q1,RemainingTop1,17.6,15.6,11.4,7.4,27.5,2.1,9.4,24.6,20.4,4.1,4,1.4,14.2,9.35503458088433
2014:Q1,Next9,38.5,35.7,30.1,20.7,35.4,48,41.3,33.9,35,19.6,21.9,7.7,37.6,41.28434514720039
2014:Q1,Next40,30.6,32.2,42.3,40.6,13.2,47.9,43.2,14.5,27.7,41.2,46.1,34.3,13.6,43.20641907310118
2014:Q1,Bottom50,0.9,5.9,12.6,23.1,0.9,1.7,4.6,1.4,4.6,34.6,27.7,56.2,31.9,4.573028741803516
2014:Q2,TopPt1,12.5,10.8,3.7,8.2,23.1,0.2,1.7,25.8,12.2,0.5,0.4,0.4,2.6,1.6587942792533865
2014:Q2,RemainingTop1,17.7,15.7,11.3,7.4,27.7,2.1,9.4,24.5,20.4,4,4,1.4,13.3,9.37992229533538
2014:Q2,Next9,38.5,35.8,30.2,20.5,35.3,48.2,41.6,34.2,35,19.8,21.9,7.7,38.5,41.62514065460846
2014:Q2,Next40,30.3,31.9,42.3,40.8,13,47.8,42.8,14.1,27.8,41.4,46.4,34.6,13.7,42.79939566871273
2014:Q2,Bottom50,1,5.8,12.6,23.1,0.8,1.7,4.5,1.4,4.6,34.3,27.3,55.9,32,4.536747102090053
2014:Q3,TopPt1,12.5,10.8,3.7,8.5,23.2,0.2,1.7,26.1,12.1,0.6,0.4,0.4,3.2,1.7196527148601322
2014:Q3,RemainingTop1,17.7,15.7,11.3,7.3,27.7,2.2,9.5,25.2,20.3,4.2,4.1,1.4,15.6,9.493112221066943
2014:Q3,Next9,38.6,35.8,30.3,20.2,35.3,48.3,42,33.4,35.2,19.4,22,7.7,35.2,41.958551126773614
2014:Q3,Next40,30.2,31.9,42.3,41,13,47.6,42.3,14,27.8,41.8,46.7,34.8,14.2,42.33269289149256
2014:Q3,Bottom50,1,5.8,12.4,23,0.8,1.7,4.5,1.4,4.6,34.1,26.8,55.6,31.8,4.495991045806748
2014:Q4,TopPt1,12.6,10.9,3.7,8.8,23.3,0.3,1.8,26.3,11.9,0.6,0.4,0.4,3.4,1.7856955445598928
2014:Q4,RemainingTop1,17.8,15.9,11.3,7.2,27.8,2.2,9.5,25.4,20.4,4.2,4.1,1.4,16,9.533370708715843
2014:Q4,Next9,38.6,35.9,30.4,19.9,35.3,48.4,42.3,33.2,35.3,19.2,22,7.8,34.1,42.29602572116223
2014:Q4,Next40,30,31.7,42.5,41.1,12.8,47.4,41.9,13.7,27.8,42.1,47,35.1,14.6,41.92699059912315
2014:Q4,Bottom50,1,5.7,12.1,23,0.8,1.7,4.5,1.4,4.6,33.9,26.5,55.3,31.9,4.457917426438876
2015:Q1,TopPt1,12.7,11,3.7,9.1,23.4,0.3,1.9,26.6,11.9,0.6,0.4,0.4,3.5,1.8512894970184695
2015:Q1,RemainingTop1,17.8,16,11.4,7.1,28,2.3,9.6,25.5,20.2,4.3,4.2,1.6,16.3,9.588091065856057
2015:Q1,Next9,38.6,35.9,30.5,19.6,35.2,48.6,42.6,33.2,35.5,19.1,21.9,7.8,33.2,42.57389312420313
2015:Q1,Next40,29.7,31.5,42.6,41.3,12.6,47.2,41.6,13.4,27.8,42.4,47.4,35.1,15.1,41.55835652395064
2015:Q1,Bottom50,1.1,5.6,11.8,23,0.8,1.6,4.4,1.3,4.6,33.6,26.1,55.1,31.8,4.428369788971701
2015:Q2,TopPt1,12.7,11,3.7,9.3,23.4,0.3,1.9,26.8,11.7,0.6,0.4,0.4,3.4,1.9051961931708883
2015:Q2,RemainingTop1,17.9,16,11.4,7,28,2.3,9.7,25.9,20.1,4.3,4.3,1.6,15.8,9.665983946485396
2015:Q2,Next9,38.7,35.9,30.6,19.3,35.2,48.7,42.9,32.7,35.6,19,21.7,7.8,33.5,42.92656307970925
2015:Q2,Next40,29.7,31.5,42.7,41.5,12.5,47,41.1,13.3,27.9,42.6,47.7,35.4,15.5,41.117418802484565
2015:Q2,Bottom50,1.1,5.6,11.7,23,0.8,1.6,4.4,1.3,4.6,33.4,25.8,54.8,31.8,4.384837978149904
2015:Q3,TopPt1,12.6,10.9,3.7,9.2,23.4,0.3,1.9,26.9,12.2,0.7,0.5,0.4,4.1,1.9456340151769034
2015:Q3,RemainingTop1,17.7,15.8,11.3,6.9,27.7,2.3,9.9,26.6,19.9,4.5,4.3,1.7,18.3,9.856951805251745
2015:Q3,Next9,38.7,35.9,30.5,19.3,35.3,48.8,43.4,31.9,35.7,18.6,21.7,7.9,29.5,43.362396514681755
2015:Q3,Next40,29.9,31.7,42.7,41.8,12.7,46.9,40.5,13.4,27.6,43,48,35.5,16.5,40.51251129402311
2015:Q3,Bottom50,1.1,5.7,11.7,22.8,0.8,1.6,4.3,1.3,4.5,33.2,25.6,54.5,31.5,4.322506370866481
2015:Q4,TopPt1,12.6,11,3.7,9.2,23.5,0.3,2,27,11.9,0.7,0.5,0.4,4.1,2.0034476866668722
2015:Q4,RemainingTop1,17.8,16,11.3,6.9,27.9,2.4,9.9,27.4,19.9,4.6,4.4,1.9,17.9,9.854621403172244
2015:Q4,Next9,38.6,35.8,30.4,19.3,35.3,49,43.7,30.9,35.8,18.7,21.7,7.9,29,43.66430048239217
2015:Q4,Next40,29.8,31.6,42.9,41.9,12.5,46.7,40.2,13.5,27.8,43.2,48.2,35.5,17.6,40.18739758407347
2015:Q4,Bottom50,1.2,5.6,11.6,22.8,0.8,1.6,4.3,1.2,4.6,32.8,25.2,54.3,31.4,4.290232843695242
2016:Q1,TopPt1,12.6,11,3.7,9.4,23.6,0.3,2.1,26.7,12,0.7,0.5,0.5,4.3,2.058450890742235
2016:Q1,RemainingTop1,17.9,16.1,11.4,6.8,28,2.4,9.9,28.4,19.8,4.7,4.5,2.1,19.1,9.898612061215479
2016:Q1,Next9,38.5,35.8,30.5,19,35.3,49.1,43.9,29.8,36,18.5,21.5,7.9,27.3,43.9390567499504
2016:Q1,Next40,29.7,31.6,43,42.1,12.4,46.5,39.8,13.9,27.7,43.6,48.6,35.4,18.5,39.84388967617099
2016:Q1,Bottom50,1.2,5.5,11.4,22.8,0.8,1.6,4.3,1.3,4.5,32.6,24.9,54.2,30.8,4.259990621920892
2016:Q2,TopPt1,12.7,11,3.7,9.8,23.6,0.4,2.1,26.4,12,0.7,0.5,0.4,4.3,2.1075314058667862
2016:Q2,RemainingTop1,18,16.2,11.4,6.7,28.1,2.5,9.9,28.5,19.7,4.8,4.5,2.1,19.1,9.91698594008416
2016:Q2,Next9,38.6,35.8,30.7,18.5,35.2,49.2,44.2,29.9,36,18.4,21.4,8,27.6,44.248603605932516
2016:Q2,Next40,29.6,31.5,43.1,42.2,12.3,46.4,39.5,13.9,27.7,43.8,48.9,35.7,18.8,39.50249802849779
2016:Q2,Bottom50,1.2,5.5,11.1,22.8,0.8,1.6,4.2,1.3,4.5,32.4,24.7,53.9,30.2,4.2243810196187495
2016:Q3,TopPt1,12.6,11,3.7,9.4,23.7,0.4,2.2,26.1,11.8,0.7,0.5,0.4,4.1,2.158278625615466
2016:Q3,RemainingTop1,18,16.2,11.2,6.7,28.2,2.5,9.9,28.6,19.7,4.8,4.6,2.1,18.7,9.914800710863815
2016:Q3,Next9,38.6,35.8,30.6,18.8,35.2,49.2,44.5,30,36.1,18.4,21.3,8,28.5,44.485419226947755
2016:Q3,Next40,29.5,31.4,43.1,42.4,12.2,46.3,39.2,13.9,27.9,44,49.1,35.8,19,39.24074477552239
2016:Q3,Bottom50,1.3,5.5,11.4,22.7,0.8,1.6,4.2,1.4,4.6,32.2,24.5,53.7,29.7,4.200756661050585
2016:Q4,TopPt1,12.4,10.8,3.7,9.2,23.4,0.4,2.1,26,11.3,0.7,0.5,0.4,4.6,2.0685040473791108
2016:Q4,RemainingTop1,18,16.2,11.3,6.7,28.4,2.5,9.7,28.3,19.6,4.7,4.6,2,19.5,9.72037810533165
2016:Q4,Next9,38.6,35.8,30.4,19.1,35.3,49.1,44.8,30.1,35.9,18.3,21.5,7.9,26.2,44.76857574825896
2016:Q4,Next40,29.7,31.6,43.3,42.3,12.1,46.4,39.2,14.1,28.5,44,49.1,35.9,19.8,39.18700547014838
2016:Q4,Bottom50,1.4,5.6,11.3,22.7,0.8,1.6,4.3,1.5,4.7,32.2,24.3,53.9,30,4.255536628881899
2017:Q1,TopPt1,12.4,10.9,3.7,9,23.2,0.4,2,26.3,11.1,0.7,0.5,0.5,4.9,1.979275152166527
2017:Q1,RemainingTop1,18.1,16.4,11.4,6.6,28.8,2.5,9.4,28.3,19.6,4.8,4.6,2,19.4,9.419657628089686
2017:Q1,Next9,38.5,35.8,30.4,19.3,35.3,49,45,29.9,35.9,18.4,21.8,7.7,25.4,45.03870503565171
2017:Q1,Next40,29.6,31.5,43.5,42.2,11.9,46.5,39.3,14.1,28.7,44,49.1,35.6,19.9,39.251302936297684
2017:Q1,Bottom50,1.4,5.5,11,22.8,0.7,1.6,4.3,1.4,4.7,32.2,24.1,54.2,30.3,4.3110592477943905
2017:Q2,TopPt1,12.5,10.9,3.7,8.8,23,0.3,1.9,26.8,11,0.7,0.5,0.4,4.9,1.8910255299010321
2017:Q2,RemainingTop1,18,16.3,11.3,6.6,29.1,2.5,9.2,26.9,19.5,4.7,4.6,1.8,18.6,9.1606852178978
2017:Q2,Next9,38.6,35.9,30.5,19.5,35.3,49,45.3,31.4,35.8,18.5,22,7.6,25,45.32597559516896
2017:Q2,Next40,29.4,31.4,43.3,42.2,11.8,46.5,39.3,13.5,28.9,43.9,49,35.7,20.8,39.26117225705683
2017:Q2,Bottom50,1.5,5.5,11.3,22.9,0.7,1.6,4.4,1.4,4.7,32.1,23.9,54.4,30.7,4.361141399975383
2017:Q3,TopPt1,12.4,10.8,3.7,8.6,22.8,0.3,1.8,27,10.7,0.8,0.5,0.4,5.3,1.808072702655368
2017:Q3,RemainingTop1,18.1,16.3,11.2,6.6,29.4,2.5,8.9,26.9,19.5,4.7,4.6,1.8,18.8,8.899568637423041
2017:Q3,Next9,38.6,35.9,30.4,19.9,35.4,48.9,45.6,31.1,35.7,18.5,22.2,7.5,23.7,45.57087127999245
2017:Q3,Next40,29.4,31.3,43.3,42.1,11.7,46.6,39.3,13.6,29.2,43.9,48.9,35.6,21.2,39.306883361175856
2017:Q3,Bottom50,1.5,5.5,11.4,22.9,0.7,1.7,4.4,1.4,4.8,32.2,23.7,54.7,31,4.414604018753284
2017:Q4,TopPt1,12.4,10.9,3.7,8.2,22.7,0.3,1.7,27.4,10.5,0.7,0.5,0.4,5,1.7289241271838742
2017:Q4,RemainingTop1,18.3,16.5,11.3,6.6,29.7,2.5,8.6,26.4,19.5,4.6,4.6,1.6,17.2,8.63519684615811
2017:Q4,Next9,38.5,36,30.3,20.3,35.4,48.8,45.8,31.4,35.7,18.7,22.4,7.4,25.2,45.798314190984456
2017:Q4,Next40,29.3,31.2,43.4,42,11.5,46.7,39.4,13.4,29.5,43.8,48.9,35.7,21.2,39.37084130704806
2017:Q4,Bottom50,1.5,5.5,11.4,22.9,0.7,1.7,4.5,1.4,4.8,32.2,23.6,54.8,31.3,4.4667235286255
2018:Q1,TopPt1,12.3,10.8,3.7,8.1,22.5,0.3,1.6,27.6,10.4,0.8,0.5,0.4,5.2,1.6343195730936126
2018:Q1,RemainingTop1,18.2,16.4,11.3,6.5,29.9,2.5,8.4,26.1,19.4,4.6,4.6,1.6,17.1,8.44733848332101
2018:Q1,Next9,38.5,36,30.2,20.4,35.5,48.7,46.2,31.5,35.7,18.8,22.7,7.3,24.4,46.17984373707322
2018:Q1,Next40,29.5,31.3,43.6,42.1,11.5,46.8,39.2,13.4,29.6,43.7,48.9,35.5,21.7,39.2347416160633
2018:Q1,Bottom50,1.5,5.5,11.2,23,0.7,1.7,4.5,1.4,4.8,32.1,23.3,55.2,31.6,4.503756590448858
2018:Q2,TopPt1,12.2,10.7,3.7,7.8,22.3,0.3,1.5,27.7,10.3,0.8,0.5,0.4,5.4,1.549274993908022
2018:Q2,RemainingTop1,18.2,16.4,11.2,6.4,30.1,2.5,8.2,25.9,19.4,4.5,4.6,1.5,16.9,8.224058900723833
2018:Q2,Next9,38.5,36,30.3,20.6,35.5,48.6,46.5,31.6,35.7,18.8,23,7.2,22.6,46.47571992607051
2018:Q2,Next40,29.4,31.3,43.3,42.1,11.4,46.9,39.2,13.4,29.8,43.8,48.8,35.5,23.2,39.202566159689965
2018:Q2,Bottom50,1.7,5.6,11.5,23.1,0.7,1.7,4.5,1.5,4.8,32.1,23.2,55.3,32,4.548380019607669
2018:Q3,TopPt1,12.2,10.7,3.7,7.6,22.1,0.3,1.5,27.6,10.3,0.8,0.5,0.4,5.7,1.4777029620865223
2018:Q3,RemainingTop1,18.3,16.5,11.1,6.4,30.4,2.4,8,25.8,19.3,4.5,4.6,1.4,16.9,7.99113825566629
2018:Q3,Next9,38.5,36,30.3,20.9,35.5,48.6,46.6,31.5,35.6,18.9,23.2,7.1,21.6,46.64641860824421
2018:Q3,Next40,29.3,31.1,43.3,41.9,11.3,47,39.3,13.6,30,43.7,48.7,35.5,23.6,39.27888166394582
2018:Q3,Bottom50,1.7,5.6,11.6,23.1,0.7,1.8,4.6,1.5,4.8,32.1,23,55.6,32.2,4.605858510057158
2018:Q4,TopPt1,11.9,10.4,3.7,7.3,21.7,0.3,1.3,27.7,10.8,0.8,0.5,0.4,6.2,1.3256269527299185
2018:Q4,RemainingTop1,17.8,16,11.1,6.2,30.3,2.4,7.9,25.6,19.2,4.5,4.6,1.3,17.3,7.902660085623669
2018:Q4,Next9,38.7,36,30.2,21.1,35.8,48.5,47.5,31.4,35.5,18.8,23.5,7,17.9,47.47293207142424
2018:Q4,Next40,29.9,31.8,43.4,42.3,11.6,47,38.7,13.7,29.8,43.8,48.6,35.6,25.8,38.682035072545105
2018:Q4,Bottom50,1.7,5.8,11.6,23.1,0.6,1.8,4.6,1.5,4.7,32.2,22.8,55.7,32.7,4.616745817677065
2019:Q1,TopPt1,12.1,10.7,3.7,7.4,21.7,0.3,1.3,28,10.5,0.8,0.5,0.4,6.8,1.2850957727107502
2019:Q1,RemainingTop1,18.2,16.5,11.2,6.2,30.8,2.4,7.6,24.7,19.3,4.5,4.6,1.3,18.2,7.591615612797185
2019:Q1,Next9,38.6,36.1,30.3,21,35.7,48.4,47.4,32.3,35.6,18.8,23.7,6.9,16.4,47.44650053001693
2019:Q1,Next40,29.4,31.2,43.6,42.1,11.2,47.1,39,13.4,29.9,43.8,48.6,35.4,25.9,38.99968347247708
2019:Q1,Bottom50,1.7,5.5,11.2,23.3,0.6,1.8,4.7,1.5,4.7,32.1,22.6,56,32.8,4.677104611998055
2019:Q2,TopPt1,12.2,10.8,3.7,7.3,21.6,0.3,1.2,28.3,10.6,0.8,0.5,0.4,6.7,1.2104854071555728
2019:Q2,RemainingTop1,18.2,16.4,11.1,6.1,31,2.4,7.3,23.9,19.2,4.4,4.6,1.2,17.1,7.34401741443198
2019:Q2,Next9,38.8,36.3,30.4,21.1,35.7,48.3,47.7,33.2,35.6,18.8,23.8,6.8,16.2,47.70860062171443
2019:Q2,Next40,29.2,31,43.4,42,11.1,47.2,39,13,30,43.8,48.6,35.4,26.8,39.02250793648642
2019:Q2,Bottom50,1.7,5.6,11.4,23.4,0.6,1.8,4.7,1.5,4.6,32.1,22.5,56.2,33.2,4.714388620211595
2019:Q3,TopPt1,12.1,10.7,3.7,6.8,21.4,0.2,1.1,28.4,10.6,0.8,0.5,0.4,7.1,1.1210303503754004
2019:Q3,RemainingTop1,18.1,16.3,10.9,6.1,31.1,2.4,7.1,23.8,19.4,4.4,4.6,1.1,17.4,7.1188053635913615
2019:Q3,Next9,38.8,36.3,30.3,21.7,35.8,48.3,48.1,33,35.5,18.8,24,6.7,15,48.08664100457625
2019:Q3,Next40,29.2,31,43.1,42,11.1,47.3,38.9,13.2,30,43.8,48.5,35.4,27.2,38.92883739399023
2019:Q3,Bottom50,1.9,5.7,11.9,23.4,0.6,1.8,4.7,1.6,4.6,32.1,22.4,56.4,33.4,4.744685887466757
2019:Q4,TopPt1,12.1,10.7,3.7,6.6,21.5,0.2,1.2,28.5,10.1,0.8,0.5,0.4,6.7,1.1614407951626806
2019:Q4,RemainingTop1,18.3,16.6,10.8,6.3,31.2,2.4,7.1,24.2,19.5,4.3,4.6,1,16.4,7.095219884221324
2019:Q4,Next9,38.7,36.2,30.3,21.9,35.7,48.3,47.8,32.5,35.6,18.9,24.1,6.7,15.9,47.76694605785068
2019:Q4,Next40,29,30.8,43.1,41.8,11,47.3,39.2,13.3,30.1,43.7,48.4,35.5,27.5,39.20996401647722
2019:Q4,Bottom50,1.9,5.7,12.1,23.4,0.6,1.8,4.8,1.5,4.6,32.2,22.4,56.4,33.6,4.766429246288092
2020:Q1,TopPt1,11.7,10.3,3.7,6.6,21,0.2,1.1,28.8,11,0.8,0.5,0.4,6.3,1.0503249961000467
2020:Q1,RemainingTop1,17.6,15.9,10.9,6,30.7,2.4,7.2,24.1,19.7,4.3,4.6,1.1,15.1,7.201154386147366
2020:Q1,Next9,38.7,36.1,30.2,21.7,36.1,48.3,48.6,32.5,35.5,19,24.2,6.6,16.3,48.55274296708439
2020:Q1,Next40,30,31.8,43.3,42.4,11.6,47.3,38.5,13.1,29.3,43.6,48.3,35.3,28.6,38.46274244709063
2020:Q1,Bottom50,1.9,5.9,12,23.3,0.6,1.8,4.7,1.5,4.5,32.2,22.5,56.5,33.8,4.733035203577557
2020:Q2,TopPt1,12,10.6,3.6,6.4,21.4,0.2,1.2,28.8,10.5,0.8,0.5,0.5,6.4,1.1557557774553644
2020:Q2,RemainingTop1,18.3,16.6,11.2,6.3,31,2.4,7.1,24.5,20.3,4.3,4.5,1.2,15.5,7.087831104753249
2020:Q2,Next9,38.3,36,30,21.9,35.7,48.3,47.8,32,35.5,19.1,24.3,6.6,15.7,47.83403415023014
2020:Q2,Next40,29.5,31.2,43.8,42,11.2,47.3,39.2,13.3,29.3,43.6,48.1,35.2,28.7,39.16557325113189
2020:Q2,Bottom50,1.9,5.6,11.5,23.5,0.6,1.8,4.8,1.5,4.5,32.1,22.6,56.5,33.8,4.756805716429357
2020:Q3,TopPt1,12.1,10.7,3.6,6.1,21.6,0.2,1.2,29.1,10.1,0.8,0.5,0.5,5.6,1.196594134409321
2020:Q3,RemainingTop1,18.6,16.9,11.2,6.4,31.2,2.4,7,24.6,20.1,4.2,4.5,1.2,13.7,7.0266996872045295
2020:Q3,Next9,38.2,35.9,29.9,21.9,35.6,48.3,47.6,31.7,35.6,19.6,24.5,6.6,20.3,47.58409701128335
2020:Q3,Next40,29.3,30.9,43.9,41.8,11,47.3,39.4,13.2,29.6,43.2,47.9,35.1,26.7,39.43618921185044
2020:Q3,Bottom50,1.9,5.5,11.4,23.8,0.6,1.8,4.8,1.4,4.6,32.2,22.7,56.6,33.7,4.756419955252355
2020:Q4,TopPt1,12.4,11.1,3.5,5.9,21.8,0.2,1.3,29.4,9.9,0.8,0.5,0.4,4.6,1.2661917694386091
2020:Q4,RemainingTop1,19.1,17.3,11.2,6.6,31.4,2.4,7,24.6,20.1,4.1,4.5,1.1,11.3,6.973399184803834
2020:Q4,Next9,37.9,35.8,29.8,22,35.4,48.3,47,31.6,35.8,20.1,24.7,6.6,25,47.047328733763244
2020:Q4,Next40,28.7,30.3,44,41.6,10.7,47.3,39.9,13,29.6,42.9,47.6,35.3,25.4,39.925277092676936
2020:Q4,Bottom50,1.9,5.4,11.4,24,0.6,1.8,4.8,1.4,4.6,32.2,22.7,56.6,33.7,4.787803219317376
2021:Q1,TopPt1,12.6,11.2,3.5,5.9,21.9,0.2,1.3,29.7,9.6,0.7,0.5,0.5,4,1.2901322485610542
2021:Q1,RemainingTop1,19.3,17.6,11.3,6.7,31.5,2.4,7,25,20.1,4,4.4,1.1,10,6.982103158654736
2021:Q1,Next9,37.6,35.7,29.9,21.8,35.3,48.3,46.8,30.9,35.8,20.6,25,6.6,28.4,46.80681503998356
2021:Q1,Next40,28.5,30.1,44.1,41.5,10.6,47.3,40.1,13.1,29.7,42.6,47.5,35.2,24,40.105754752409304
2021:Q1,Bottom50,2,5.3,11.2,24.1,0.6,1.8,4.8,1.4,4.7,32.1,22.6,56.7,33.6,4.81519480039134
2021:Q2,TopPt1,12.7,11.4,3.5,5.9,22.1,0.2,1.3,30.1,9.5,0.7,0.5,0.4,3.9,1.3290436633111729
2021:Q2,RemainingTop1,19.5,17.8,11.2,6.7,31.6,2.4,6.9,25.4,20.1,3.9,4.4,1,9.6,6.948694190779875
2021:Q2,Next9,37.4,35.5,30.1,21.5,35.2,48.3,46.5,30.1,35.8,20.7,25.1,6.6,29,46.5093305273773
2021:Q2,Next40,28.3,29.9,43.8,41.4,10.5,47.3,40.4,13.1,29.8,42.5,47.3,35.3,23.9,40.38172883908139
2021:Q2,Bottom50,2.1,5.4,11.5,24.5,0.6,1.8,4.8,1.3,4.7,32.1,22.7,56.6,33.6,4.831202779450257
2021:Q3,TopPt1,12.8,11.5,3.4,5.8,22.1,0.3,1.3,30.6,9.6,0.7,0.5,0.4,4,1.323097662152415
2021:Q3,RemainingTop1,19.3,17.6,10.9,6.7,31.6,2.4,6.9,25.1,20.1,3.9,4.4,1,9.7,6.945081171303673
2021:Q3,Next9,37.3,35.5,30.3,21.3,35.2,48.3,46.6,30.4,35.9,20.5,25,6.6,27.8,46.57229370926398
2021:Q3,Next40,28.2,29.8,43.4,41.5,10.5,47.3,40.3,12.6,29.8,42.5,47.1,35.4,24.8,40.336054060638624
2021:Q3,Bottom50,2.4,5.6,12,24.7,0.6,1.8,4.8,1.3,4.7,32.3,23,56.6,33.7,4.823473396641305
2021:Q4,TopPt1,12.9,11.6,3.4,5.6,22.1,0.3,1.4,30.8,9.5,0.7,0.5,0.4,3.9,1.3591008796512767
2021:Q4,RemainingTop1,19.4,17.7,10.8,6.9,31.7,2.4,6.9,25,20.1,3.8,4.4,1,8.7,6.939276798145507
2021:Q4,Next9,37.3,35.4,30.4,21.3,35.2,48.3,46.2,30.5,35.8,20.4,25,6.6,26.9,46.24549245703937
2021:Q4,Next40,28,29.6,43.2,41.2,10.4,47.3,40.6,12.5,29.8,42.6,47,35.5,26.7,40.60248272933954
2021:Q4,Bottom50,2.5,5.7,12.2,24.9,0.6,1.8,4.9,1.2,4.7,32.4,23.2,56.5,33.8,4.853647135824305
2022:Q1,TopPt1,12.8,11.4,3.4,5.7,22,0.3,1.3,31.4,9.8,0.7,0.5,0.4,3.9,1.323670691928089
2022:Q1,RemainingTop1,19.2,17.5,10.9,6.7,31.6,2.4,7,26,19.9,3.8,4.4,1.1,8.4,7.000924638209676
2022:Q1,Next9,37,35.2,30.4,21.1,35.2,48.3,46.5,28.7,35.9,20.3,24.7,6.6,26.6,46.45561775126569
2022:Q1,Next40,28.5,30,43.3,41.5,10.5,47.3,40.4,12.7,29.7,42.6,47,35.4,27.2,40.362068532353014
2022:Q1,Bottom50,2.5,5.8,12,25,0.6,1.8,4.9,1.1,4.7,32.5,23.4,56.4,33.8,4.857718386243529
2022:Q2,TopPt1,12.4,11.1,3.4,5.6,21.7,0.2,1.2,32.1,9.9,0.7,0.5,0.4,4.1,1.2302510360087668
2022:Q2,RemainingTop1,18.5,16.8,10.3,6.4,31.4,2.4,7.1,26.9,19.9,3.8,4.4,0.9,8.6,7.095223324397404
2022:Q2,Next9,36.9,35,30.7,21,35.5,48.3,47.1,27.2,35.9,20.1,24.7,6.6,24.7,47.13473260907073
2022:Q2,Next40,29.2,30.7,42.5,42,10.8,47.3,39.7,12.8,29.6,42.7,46.8,35.7,28.8,39.71102235845299
2022:Q2,Bottom50,3,6.4,13.1,25,0.6,1.8,4.8,1,4.7,32.7,23.6,56.3,33.8,4.8287706720701085
2022:Q3,TopPt1,12.4,11,3.4,5.5,21.6,0.3,1.2,32.5,10.1,0.7,0.5,0.4,4.1,1.2003211740895752
2022:Q3,RemainingTop1,18.3,16.6,10.1,6.4,31.3,2.4,7.1,26.4,20,3.7,4.3,0.9,8.5,7.149847897810193
2022:Q3,Next9,37.1,35.1,30.9,20.9,35.6,48.3,47.3,27.8,35.9,20.2,24.9,6.6,24.3,47.299065236923944
2022:Q3,Next40,29.2,30.7,42.1,42.2,10.8,47.3,39.5,12.3,29.4,42.6,46.6,35.8,29.4,39.51588990052177
2022:Q3,Bottom50,3.1,6.6,13.5,25,0.6,1.8,4.8,1,4.6,32.7,23.7,56.3,33.7,4.834875790654513
2022:Q4,TopPt1,12.6,11.2,3.4,5.5,21.8,0.3,1.2,32.8,10.1,0.8,0.5,0.4,5,1.235787472548182
2022:Q4,RemainingTop1,18.5,16.8,10.1,6.5,31.5,2.4,7.1,25.9,20,3.8,4.3,0.7,10.4,7.1269063237020704
2022:Q4,Next9,37.1,35.1,30.8,20.9,35.5,48.3,47,28.4,35.9,19.9,25.1,6.6,18,47.019229512673064
2022:Q4,Next40,28.8,30.5,42.3,42,10.6,47.3,39.8,11.9,29.4,42.9,46.4,36,33.1,39.76495122466231
2022:Q4,Bottom50,3,6.4,13.4,25.1,0.6,1.8,4.9,1,4.6,32.8,23.7,56.3,33.6,4.853125466414382
